trade_date,company,frequency,mode,model_version,profit_model_version,strict_status,blocked_reason,signal_status,actual_stock_close_raw,model_price,gap,signal,q_profit_pred_bn,annual_profit_pred_bn,eps_pred,target_pe,demand_score,is_q4,visible_quarter,visible_financial_announcement_date,visible_production_available_date,train_quarters_count,ridge_alpha,ridge_intercept,ridge_coef_json,data_quality_flag,cu_price,au_price_rmb_g,cu_ton,au_kg,cu_au_revenue_index,revenue_x_demand,cu_demand_score,au_demand_score,cu_inventory_score,cu_price_trend_score,power_grid_proxy_score,pmi_score,risk_score,real_rate_score,central_bank_gold_proxy_score,gold_etf_proxy_score,usd_score,production_data_source,production_strict_usable,parse_confidence,fwd_1w_return,fwd_3w_return,fwd_6w_return
2024-08-30,zijin,weekly,walk_forward_strict,v2_fundamental_valuation_model,v2_fundamental_valuation_model,strict,,active,16.0,14.502830973655373,0.10323288115708307,neutral,83.43839603670551,333.75358414682205,1.2551373929029446,11.55477564102564,0.5886939102564103,0,2024-06-30,2024-08-24,2024-08-24,6,1.0,-74.1456085552465,"{""cu_au_revenue_index"": 4.965376366564041, ""revenue_x_demand"": 3.8600281201278315, ""is_q4"": -1.1791362660879}","REAL_API:risk,real_rate;DEFAULT_PROXY:cu_inventory,power_grid_proxy,central_bank_gold_proxy,gold_etf_proxy,usd;MARKET_ASOF_BACKWARD;PROXY_ASOF_BACKWARD",74220.0,573.44,256351.0,18595.0,29.68948802,2.6332767860046475,0.614326923076923,0.5410897435897437,0.5,0.7,0.55,0.38782051282051283,0.9743589743589743,0.3621794871794872,0.6,0.55,0.5,reports\601899\2024\601899_2024Q4.pdf,True,0.8999999999999999,-0.07750000000000001,-0.007499999999999951,0.0774999999999999
2024-09-06,zijin,weekly,walk_forward_strict,v2_fundamental_valuation_model,v2_fundamental_valuation_model,strict,,active,14.76,13.299600443626886,0.10980777674963393,neutral,77.52467463963498,310.0986985585399,1.1661791529409946,11.404423076923077,0.5511057692307693,0,2024-06-30,2024-08-24,2024-08-24,6,1.0,-74.1456085552465,"{""cu_au_revenue_index"": 4.965376366564041, ""revenue_x_demand"": 3.8600281201278315, ""is_q4"": -1.1791362660879}","REAL_API:risk,real_rate;DEFAULT_PROXY:cu_inventory,power_grid_proxy,central_bank_gold_proxy,gold_etf_proxy,usd;MARKET_ASOF_BACKWARD;PROXY_ASOF_BACKWARD",73050.0,572.84,256351.0,18595.0,29.37840035,1.5014057486562509,0.5494230769230769,0.5542307692307693,0.5,0.7,0.55,0.20833333333333334,0.7211538461538461,0.4903846153846154,0.6,0.55,0.5,reports\601899\2024\601899_2024Q4.pdf,True,0.8999999999999999,-0.005420054200542035,0.18631436314363148,0.19444444444444442
2024-09-13,zijin,weekly,walk_forward_strict,v2_fundamental_valuation_model,v2_fundamental_valuation_model,strict,,active,14.68,12.953734962701263,0.13326388429818192,overvalued,76.29227311974503,305.16909247898013,1.1476405267909446,11.28727564102564,0.5218189102564103,0,2024-06-30,2024-08-24,2024-08-24,6,1.0,-74.1456085552465,"{""cu_au_revenue_index"": 4.965376366564041, ""revenue_x_demand"": 3.8600281201278315, ""is_q4"": -1.1791362660879}","REAL_API:risk,real_rate;DEFAULT_PROXY:cu_inventory,power_grid_proxy,central_bank_gold_proxy,gold_etf_proxy,usd;MARKET_ASOF_BACKWARD;PROXY_ASOF_BACKWARD",73960.0,582.54,256351.0,18595.0,29.79205126,0.650030092796314,0.5114423076923077,0.5410897435897436,0.5,0.7,0.55,0.21153846153846154,0.46474358974358976,0.532051282051282,0.6,0.55,0.5,reports\601899\2024\601899_2024Q4.pdf,True,0.8999999999999999,0.08174386920980936,0.23569482288828336,0.17370572207084467
2024-09-20,zijin,weekly,walk_forward_strict,v2_fundamental_valuation_model,v2_fundamental_valuation_model,strict,,active,15.88,14.849824076440315,0.06937293790531096,neutral,85.7730589447591,343.0922357790364,1.290256988375903,11.509198717948717,0.5772996794871794,0,2024-06-30,2024-08-24,2024-08-24,6,1.0,-74.1456085552465,"{""cu_au_revenue_index"": 4.965376366564041, ""revenue_x_demand"": 3.8600281201278315, ""is_q4"": -1.1791362660879}","REAL_API:risk,real_rate;DEFAULT_PROXY:cu_inventory,power_grid_proxy,central_bank_gold_proxy,gold_etf_proxy,usd;MARKET_ASOF_BACKWARD;PROXY_ASOF_BACKWARD",75840.0,588.3,256351.0,18595.0,30.38109834,2.3484491641504786,0.5797115384615384,0.5728205128205128,0.5,0.7,0.55,0.21474358974358973,0.9166666666666666,0.4871794871794872,0.6,0.55,0.5,reports\601899\2024\601899_2024Q4.pdf,True,0.8999999999999999,0.10264483627204024,0.08564231738035244,0.08627204030226698
2024-09-27,zijin,weekly,walk_forward_strict,v2_fundamental_valuation_model,v2_fundamental_valuation_model,strict,,active,17.51,12.565892594006872,0.3934545332936519,overvalued,75.80829754928584,303.23319019714336,1.1403602354072555,11.019230769230768,0.4548076923076923,0,2024-06-30,2024-08-24,2024-08-24,6,1.0,-74.1456085552465,"{""cu_au_revenue_index"": 4.965376366564041, ""revenue_x_demand"": 3.8600281201278315, ""is_q4"": -1.1791362660879}","REAL_API:risk,real_rate;DEFAULT_PROXY:cu_inventory,power_grid_proxy,central_bank_gold_proxy,gold_etf_proxy,usd;MARKET_ASOF_BACKWARD;PROXY_ASOF_BACKWARD",78780.0,597.16,256351.0,18595.0,31.29952198,-1.414497627942308,0.4426923076923077,0.47730769230769227,0.5,0.7,0.55,0.21794871794871795,0.0,0.47435897435897434,0.6,0.55,0.5,reports\601899\2024\601899_2024Q4.pdf,True,0.8999999999999999,0.03597944031981726,0.006853226727584039,-0.023986293546544912
2024-10-04,zijin,weekly,walk_forward_strict,v2_fundamental_valuation_model,v2_fundamental_valuation_model,strict,,active,18.14,13.353519850389194,0.3584433320381295,overvalued,79.39602343381645,317.5840937352658,1.1943292607847233,11.18076923076923,0.4951923076923077,1,2024-06-30,2024-08-24,2024-08-24,6,1.0,-74.1456085552465,"{""cu_au_revenue_index"": 4.965376366564041, ""revenue_x_demand"": 3.8600281201278315, ""is_q4"": -1.1791362660879}","REAL_API:risk,real_rate;DEFAULT_PROXY:cu_inventory,power_grid_proxy,central_bank_gold_proxy,gold_etf_proxy,usd;MARKET_ASOF_BACKWARD;PROXY_ASOF_BACKWARD",78830.0,595.25,256351.0,18595.0,31.27682308,-0.15036934173076869,0.51,0.4676923076923077,0.5,0.7,0.55,0.6666666666666666,0.0,0.4423076923076923,0.6,0.55,0.5,reports\601899\2024\601899_2024Q4.pdf,True,0.8999999999999999,-0.04961411245865499,-0.05016538037486218,-0.13891951488423382
2024-10-11,zijin,weekly,walk_forward_strict,v2_fundamental_valuation_model,v2_fundamental_valuation_model,strict,,active,17.24,12.672740538354379,0.3604002976169749,overvalued,75.75462305024294,303.01849220097176,1.1395528268999726,11.120801282051282,0.4802003205128205,1,2024-06-30,2024-08-24,2024-08-24,6,1.0,-74.1456085552465,"{""cu_au_revenue_index"": 4.965376366564041, ""revenue_x_demand"": 3.8600281201278315, ""is_q4"": -1.1791362660879}","REAL_API:risk,real_rate;DEFAULT_PROXY:cu_inventory,power_grid_proxy,central_bank_gold_proxy,gold_etf_proxy,usd;MARKET_ASOF_BACKWARD;PROXY_ASOF_BACKWARD",77220.0,597.3,256351.0,18595.0,30.90221772,-0.6118540062990382,0.5114423076923077,0.4221794871794872,0.5,0.7,0.55,0.6698717948717948,0.0064102564102563875,0.28846153846153844,0.6,0.55,0.5,reports\601899\2024\601899_2024Q4.pdf,True,0.8999999999999999,0.022621809744779675,0.0005800464037124531,-0.08584686774941985
2024-10-18,zijin,weekly,walk_forward_strict,v2_fundamental_valuation_model,v2_fundamental_valuation_model,strict,,active,17.63,12.956606390052261,0.3606958079343867,overvalued,77.40978522737507,309.63914090950027,1.1644509078616834,11.126794871794871,0.481698717948718,1,2024-06-30,2024-08-24,2024-08-24,6,1.0,-74.1456085552465,"{""cu_au_revenue_index"": 4.965376366564041, ""revenue_x_demand"": 3.8600281201278315, ""is_q4"": -1.1791362660879}","REAL_API:risk,real_rate;DEFAULT_PROXY:cu_inventory,power_grid_proxy,central_bank_gold_proxy,gold_etf_proxy,usd;MARKET_ASOF_BACKWARD;PROXY_ASOF_BACKWARD",76980.0,616.83,256351.0,18595.0,31.20385383,-0.5710705300298063,0.5128846153846154,0.4237820512820513,0.5,0.7,0.55,0.6730769230769231,0.012820512820512775,0.29166666666666663,0.6,0.55,0.5,reports\601899\2024\601899_2024Q4.pdf,True,0.8999999999999999,-0.022688598979012986,-0.030629608621667526,-0.10947249007373794
2024-10-25,zijin,weekly,walk_forward_strict,v2_fundamental_valuation_model,v2_fundamental_valuation_model,strict,,active,17.23,14.291027747319122,0.20565156716823285,overvalued,85.69361242185953,342.7744496874381,1.2890618994676322,11.086378205128204,0.4715945512820513,1,2024-09-30,2024-10-19,2024-10-19,7,0.1,-88.31203000403941,"{""cu_au_revenue_index"": 5.59846481234754, ""revenue_x_demand"": 2.5477221123048874, ""is_q4"": -4.956746084506539}","REAL_API:risk,real_rate;DEFAULT_PROXY:cu_inventory,power_grid_proxy,central_bank_gold_proxy,gold_etf_proxy,usd;MARKET_ASOF_BACKWARD;PROXY_ASOF_BACKWARD",76390.0,621.5,270459.0,18865.0,32.38496051,-0.9199093349995988,0.5152884615384615,0.390448717948718,0.5,0.7,0.55,0.6762820512820513,0.02564102564102566,0.17628205128205132,0.6,0.55,0.5,reports\601899\2024\601899_2024Q4.pdf,True,0.8999999999999999,0.0011607661056296514,-0.09344167150319216,-0.08937899013348816
2024-11-01,zijin,weekly,walk_forward_strict,v2_fundamental_valuation_model,v2_fundamental_valuation_model,strict,,active,17.25,14.399909545870395,0.19792419147153284,overvalued,86.39695796348407,345.5878318539363,1.29964210392214,11.079903846153845,0.46997596153846155,1,2024-09-30,2024-10-19,2024-10-19,7,0.1,-88.31203000403941,"{""cu_au_revenue_index"": 5.59846481234754, ""revenue_x_demand"": 2.5477221123048874, ""is_q4"": -4.956746084506539}","REAL_API:power_grid_proxy,risk,real_rate;DEFAULT_PROXY:cu_inventory,central_bank_gold_proxy,gold_etf_proxy,usd;MARKET_ASOF_BACKWARD;PROXY_ASOF_BACKWARD",76520.0,627.67,270459.0,18865.0,32.53651723,-0.9768776447180285,0.5229807692307692,0.37153846153846154,0.5,0.7,0.55,0.7339743589743589,0.019230769230769273,0.11538461538461542,0.6,0.55,0.5,reports\601899\2024\601899_2024Q4.pdf,True,0.8999999999999999,-0.00927536231884063,-0.08637681159420296,-0.09739130434782606
2024-11-08,zijin,weekly,walk_forward_strict,v2_fundamental_valuation_model,v2_fundamental_valuation_model,strict,,active,17.09,14.376990761987852,0.18870494409617544,overvalued,86.11173361168942,344.44693444675767,1.2953515642388689,11.098910256410257,0.4747275641025641,1,2024-09-30,2024-10-19,2024-10-19,7,0.1,-88.31203000403941,"{""cu_au_revenue_index"": 5.59846481234754, ""revenue_x_demand"": 2.5477221123048874, ""is_q4"": -4.956746084506539}","REAL_API:risk,real_rate;DEFAULT_PROXY:cu_inventory,power_grid_proxy,central_bank_gold_proxy,gold_etf_proxy,usd;MARKET_ASOF_BACKWARD;PROXY_ASOF_BACKWARD",77100.0,612.85,270459.0,18865.0,32.41380415,-0.8191757875729162,0.5244230769230769,0.38243589743589745,0.5,0.7,0.55,0.7307692307692307,0.03205128205128205,0.14743589743589747,0.6,0.55,0.5,reports\601899\2024\601899_2024Q4.pdf,True,0.8999999999999999,-0.08601521357519015,-0.08133411351667641,-0.12112346401404328
2024-11-15,zijin,weekly,walk_forward_strict,v2_fundamental_valuation_model,v2_fundamental_valuation_model,strict,,active,15.62,13.164893612300716,0.18648888931433039,overvalued,78.91265945363027,315.6506378145211,1.187058169360013,11.090352564102563,0.47258814102564106,1,2024-09-30,2024-10-19,2024-10-19,7,0.1,-88.31203000403941,"{""cu_au_revenue_index"": 5.59846481234754, ""revenue_x_demand"": 2.5477221123048874, ""is_q4"": -4.956746084506539}","REAL_API:risk,real_rate;DEFAULT_PROXY:cu_inventory,power_grid_proxy,central_bank_gold_proxy,gold_etf_proxy,usd;MARKET_ASOF_BACKWARD;PROXY_ASOF_BACKWARD",73860.0,591.97,270459.0,18865.0,31.14361579,-0.8537044039870982,0.526826923076923,0.37185897435897436,0.5,0.7,0.55,0.7275641025641025,0.05128205128205132,0.10576923076923073,0.6,0.55,0.5,reports\601899\2024\601899_2024Q4.pdf,True,0.8999999999999999,0.008962868117797784,0.004481434058898781,-0.020486555697823206
2024-11-22,zijin,weekly,walk_forward_strict,v2_fundamental_valuation_model,v2_fundamental_valuation_model,strict,,active,15.76,13.767953028696255,0.1446872288968275,overvalued,82.41103766987443,329.6441506794977,1.2396831660317313,11.10602564102564,0.4765064102564102,1,2024-09-30,2024-10-19,2024-10-19,7,0.1,-88.31203000403941,"{""cu_au_revenue_index"": 5.59846481234754, ""revenue_x_demand"": 2.5477221123048874, ""is_q4"": -4.956746084506539}","REAL_API:risk,real_rate;DEFAULT_PROXY:cu_inventory,power_grid_proxy,central_bank_gold_proxy,gold_etf_proxy,usd;MARKET_ASOF_BACKWARD;PROXY_ASOF_BACKWARD",73760.0,623.91,270459.0,18865.0,31.71911799,-0.7451959450855782,0.5292307692307692,0.37858974358974357,0.5,0.7,0.55,0.7243589743589743,0.07051282051282048,0.1217948717948718,0.6,0.55,0.5,reports\601899\2024\601899_2024Q4.pdf,True,0.8999999999999999,-0.0038071065989847552,-0.012055837563451743,-0.012055837563451743
2024-11-29,zijin,weekly,walk_forward_strict,v2_fundamental_valuation_model,v2_fundamental_valuation_model,strict,,active,15.7,13.935376059726206,0.12662908648541094,overvalued,82.91474999275944,331.65899997103776,1.247260351137745,11.172788461538461,0.49319711538461536,1,2024-09-30,2024-10-19,2024-10-19,7,0.1,-88.31203000403941,"{""cu_au_revenue_index"": 5.59846481234754, ""revenue_x_demand"": 2.5477221123048874, ""is_q4"": -4.956746084506539}","REAL_API:risk,real_rate;DEFAULT_PROXY:cu_inventory,power_grid_proxy,central_bank_gold_proxy,gold_etf_proxy,usd;MARKET_ASOF_BACKWARD;PROXY_ASOF_BACKWARD",73830.0,614.88,270459.0,18865.0,31.56769917,-0.21475141502668352,0.5297115384615384,0.4253846153846154,0.5,0.7,0.55,0.7211538461538461,0.07692307692307687,0.27564102564102566,0.6,0.55,0.5,reports\601899\2024\601899_2024Q4.pdf,True,0.8999999999999999,-0.0006369426751592355,-0.043312101910828016,0.028662420382165488
2024-12-06,zijin,weekly,walk_forward_strict,v2_fundamental_valuation_model,v2_fundamental_valuation_model,strict,,active,15.69,14.500790765649793,0.08200995749606044,neutral,85.70509688808922,342.82038755235686,1.2892346566596098,11.247596153846153,0.5118990384615384,1,2024-09-30,2024-10-19,2024-10-19,7,0.1,-88.31203000403941,"{""cu_au_revenue_index"": 5.59846481234754, ""revenue_x_demand"": 2.5477221123048874, ""is_q4"": -4.956746084506539}","REAL_API:risk,real_rate;DEFAULT_PROXY:cu_inventory,power_grid_proxy,central_bank_gold_proxy,gold_etf_proxy,usd;MARKET_ASOF_BACKWARD;PROXY_ASOF_BACKWARD",74730.0,614.09,270459.0,18865.0,31.79620892,0.3783443128701901,0.5527884615384615,0.43596153846153846,0.5,0.7,0.55,0.875,0.07692307692307687,0.3108974358974359,0.6,0.55,0.5,reports\601899\2024\601899_2024Q4.pdf,True,0.8999999999999999,-0.007648183556405286,-0.02485659655831729,0.03696622052262599
2024-12-13,zijin,weekly,walk_forward_strict,v2_fundamental_valuation_model,v2_fundamental_valuation_model,strict,,active,15.57,14.345553381998862,0.08535373891798437,neutral,85.3016931237553,341.2067724950212,1.2831663814637326,11.17980769230769,0.49495192307692304,1,2024-09-30,2024-10-19,2024-10-19,7,0.1,-88.31203000403941,"{""cu_au_revenue_index"": 5.59846481234754, ""revenue_x_demand"": 2.5477221123048874, ""is_q4"": -4.956746084506539}","REAL_API:risk,real_rate;DEFAULT_PROXY:cu_inventory,power_grid_proxy,central_bank_gold_proxy,gold_etf_proxy,usd;MARKET_ASOF_BACKWARD;PROXY_ASOF_BACKWARD",74790.0,622.43,270459.0,18865.0,31.96977056,-0.1613858610000012,0.5551923076923077,0.3830769230769231,0.5,0.7,0.55,0.8717948717948718,0.09615384615384615,0.1282051282051282,0.6,0.55,0.5,reports\601899\2024\601899_2024Q4.pdf,True,0.8999999999999999,-0.03532434168272325,0.0,0.028901734104046284
2024-12-20,zijin,weekly,walk_forward_strict,v2_fundamental_valuation_model,v2_fundamental_valuation_model,strict,,active,15.02,14.067222439711102,0.06773032589569716,neutral,83.39539968090163,333.58159872360653,1.2544906123259993,11.213493589743589,0.5033733974358975,1,2024-09-30,2024-10-19,2024-10-19,7,0.1,-88.31203000403941,"{""cu_au_revenue_index"": 5.59846481234754, ""revenue_x_demand"": 2.5477221123048874, ""is_q4"": -4.956746084506539}","REAL_API:risk,real_rate;DEFAULT_PROXY:cu_inventory,power_grid_proxy,central_bank_gold_proxy,gold_etf_proxy,usd;MARKET_ASOF_BACKWARD;PROXY_ASOF_BACKWARD",73820.0,611.83,270459.0,18865.0,31.50745633,0.10628717239527398,0.5729807692307692,0.3741025641025641,0.5,0.7,0.55,0.8685897435897436,0.21794871794871795,0.05769230769230771,0.6,0.55,0.5,reports\601899\2024\601899_2024Q4.pdf,True,0.8999999999999999,0.018641810918775148,0.07523302263648457,0.08122503328894792
2024-12-27,zijin,weekly,walk_forward_strict,v2_fundamental_valuation_model,v2_fundamental_valuation_model,strict,,active,15.3,14.533124399649084,0.052767428342485934,neutral,85.70667769231072,342.8267107692429,1.2892584361973707,11.272467948717948,0.5181169871794872,1,2024-09-30,2024-10-19,2024-10-19,7,0.1,-88.31203000403941,"{""cu_au_revenue_index"": 5.59846481234754, ""revenue_x_demand"": 2.5477221123048874, ""is_q4"": -4.956746084506539}","REAL_API:risk,real_rate;DEFAULT_PROXY:cu_inventory,power_grid_proxy,central_bank_gold_proxy,gold_etf_proxy,usd;MARKET_ASOF_BACKWARD;PROXY_ASOF_BACKWARD",74090.0,618.55,270459.0,18865.0,31.70725306,0.5744398971847755,0.5922115384615385,0.3805128205128205,0.5,0.7,0.55,0.8653846153846154,0.34935897435897434,0.03525641025641024,0.6,0.55,0.5,reports\601899\2024\601899_2024Q4.pdf,True,0.8999999999999999,0.01764705882352935,0.06339869281045751,0.08627450980392148
2025-01-03,zijin,weekly,walk_forward_strict,v2_fundamental_valuation_model,v2_fundamental_valuation_model,strict,,active,15.57,13.246703842258404,0.1753867366106603,overvalued,81.19246540507775,324.769861620311,1.2213525689906772,10.845929487179486,0.4114823717948718,0,2024-09-30,2024-10-19,2024-10-19,7,0.1,-88.31203000403941,"{""cu_au_revenue_index"": 5.59846481234754, ""revenue_x_demand"": 2.5477221123048874, ""is_q4"": -4.956746084506539}","REAL_API:power_grid_proxy,risk,real_rate;DEFAULT_PROXY:cu_inventory,central_bank_gold_proxy,gold_etf_proxy,usd;MARKET_ASOF_BACKWARD;PROXY_ASOF_BACKWARD",72920.0,626.87,270459.0,18865.0,31.54777283,-2.7925340260657854,0.43644230769230774,0.36512820512820515,0.5,0.3,0.55,0.6955128205128205,0.14743589743589747,0.05128205128205132,0.6,0.55,0.5,reports\601899\2024\601899_2024Q4.pdf,True,0.8999999999999999,0.03725112395632624,0.028901734104046284,0.10211946050096343
2025-01-10,zijin,weekly,walk_forward_strict,v2_fundamental_valuation_model,v2_fundamental_valuation_model,strict,,active,16.15,14.414972622255624,0.12036286319861778,overvalued,87.49671759522145,349.9868703808858,1.316185440114647,10.952083333333333,0.4380208333333334,0,2024-09-30,2024-10-19,2024-10-19,7,0.1,-88.31203000403941,"{""cu_au_revenue_index"": 5.59846481234754, ""revenue_x_demand"": 2.5477221123048874, ""is_q4"": -4.956746084506539}","REAL_API:risk,real_rate;DEFAULT_PROXY:cu_inventory,power_grid_proxy,central_bank_gold_proxy,gold_etf_proxy,usd;MARKET_ASOF_BACKWARD;PROXY_ASOF_BACKWARD",75270.0,633.82,270459.0,18865.0,32.31446323,-2.0028235022760392,0.47105769230769234,0.3766666666666667,0.5,0.3,0.55,0.6955128205128205,0.3782051282051282,0.012820512820512775,0.6,0.55,0.5,reports\601899\2024\601899_2024Q4.pdf,True,0.8999999999999999,0.007430340557275539,0.005572755417956543,0.002476780185758587
2025-01-17,zijin,weekly,walk_forward_strict,v2_fundamental_valuation_model,v2_fundamental_valuation_model,strict,,active,16.27,14.611338341401067,0.11351880435888151,neutral,88.98811537409016,355.9524614963606,1.3386200650459201,10.915224358974358,0.4288060897435898,0,2024-09-30,2024-10-19,2024-10-19,7,0.1,-88.31203000403941,"{""cu_au_revenue_index"": 5.59846481234754, ""revenue_x_demand"": 2.5477221123048874, ""is_q4"": -4.956746084506539}","REAL_API:risk,real_rate;DEFAULT_PROXY:cu_inventory,power_grid_proxy,central_bank_gold_proxy,gold_etf_proxy,usd;MARKET_ASOF_BACKWARD;PROXY_ASOF_BACKWARD",76540.0,637.63,270459.0,18865.0,32.72982181,-2.330163996649437,0.45567307692307696,0.37891025641025644,0.5,0.3,0.55,0.6955128205128205,0.27564102564102566,0.054487179487179516,0.6,0.55,0.5,reports\601899\2024\601899_2024Q4.pdf,True,0.8999999999999999,-0.01536570374923174,0.021511985248924503,-0.05654578979717273
2025-01-24,zijin,weekly,walk_forward_strict,v2_fundamental_valuation_model,v2_fundamental_valuation_model,strict,,active,16.02,14.64096161835429,0.09419042393478527,neutral,89.06810077669438,356.2724031067775,1.3398232601510942,10.92753205128205,0.43188301282051283,0,2024-09-30,2024-10-19,2024-10-19,7,0.1,-88.31203000403941,"{""cu_au_revenue_index"": 5.59846481234754, ""revenue_x_demand"": 2.5477221123048874, ""is_q4"": -4.956746084506539}","REAL_API:risk,real_rate;DEFAULT_PROXY:cu_inventory,power_grid_proxy,central_bank_gold_proxy,gold_etf_proxy,usd;MARKET_ASOF_BACKWARD;PROXY_ASOF_BACKWARD",75870.0,645.51,270459.0,18865.0,32.69727048,-2.227239554090384,0.4614423076923077,0.37698717948717947,0.5,0.3,0.55,0.6955128205128205,0.3141025641025641,0.03525641025641024,0.6,0.55,0.5,reports\601899\2024\601899_2024Q4.pdf,True,0.8999999999999999,0.013732833957553092,0.07116104868913853,0.025593008739076106
2025-01-31,zijin,weekly,walk_forward_strict,v2_fundamental_valuation_model,v2_fundamental_valuation_model,strict,,active,16.24,14.959772093030233,0.0855780354813176,neutral,90.24709253490228,360.9883701396091,1.3575584601542217,11.019615384615385,0.45490384615384616,0,2024-09-30,2024-10-19,2024-10-19,7,0.1,-88.31203000403941,"{""cu_au_revenue_index"": 5.59846481234754, ""revenue_x_demand"": 2.5477221123048874, ""is_q4"": -4.956746084506539}","REAL_API:risk,real_rate;DEFAULT_PROXY:cu_inventory,power_grid_proxy,central_bank_gold_proxy,gold_etf_proxy,usd;MARKET_ASOF_BACKWARD;PROXY_ASOF_BACKWARD",75540.0,643.1,270459.0,18865.0,32.56255436,-1.4684459610423075,0.48115384615384615,0.4061538461538462,0.5,0.3,0.55,0.6987179487179487,0.4423076923076923,0.08974358974358976,0.6,0.55,0.5,reports\601899\2024\601899_2024Q4.pdf,True,0.8999999999999999,0.023399014778325178,-0.0030788177339899914,0.07635467980295574
2025-02-07,zijin,weekly,walk_forward_strict,v2_fundamental_valuation_model,v2_fundamental_valuation_model,strict,,active,16.62,14.760023046296935,0.1260145020010457,overvalued,90.8303518550404,363.3214074201616,1.3663322455724176,10.802660256410256,0.4006650641025641,0,2024-09-30,2024-10-19,2024-10-19,7,0.1,-88.31203000403941,"{""cu_au_revenue_index"": 5.59846481234754, ""revenue_x_demand"": 2.5477221123048874, ""is_q4"": -4.956746084506539}","REAL_API:risk,real_rate;DEFAULT_PROXY:cu_inventory,power_grid_proxy,central_bank_gold_proxy,gold_etf_proxy,usd;MARKET_ASOF_BACKWARD;PROXY_ASOF_BACKWARD",77250.0,668.99,270459.0,18865.0,33.5134541,-3.3290568147251607,0.3970192307692308,0.4074358974358974,0.5,0.3,0.55,0.22115384615384615,0.3589743589743589,0.1217948717948718,0.6,0.55,0.5,reports\601899\2024\601899_2024Q4.pdf,True,0.8999999999999999,0.032490974729241895,-0.07641395908543935,0.057160048134777375
2025-02-14,zijin,weekly,walk_forward_strict,v2_fundamental_valuation_model,v2_fundamental_valuation_model,strict,,active,17.16,15.507495560451938,0.1065616580772959,neutral,94.9655307091465,379.862122836586,1.4285364327651686,10.85551282051282,0.4138782051282051,0,2024-09-30,2024-10-19,2024-10-19,7,0.1,-88.31203000403941,"{""cu_au_revenue_index"": 5.59846481234754, ""revenue_x_demand"": 2.5477221123048874, ""is_q4"": -4.956746084506539}","REAL_API:risk,real_rate;DEFAULT_PROXY:cu_inventory,power_grid_proxy,central_bank_gold_proxy,gold_etf_proxy,usd;MARKET_ASOF_BACKWARD;PROXY_ASOF_BACKWARD",78090.0,686.58,270459.0,18865.0,34.07247501,-2.934382703585577,0.4109615384615385,0.4192948717948718,0.5,0.3,0.55,0.22435897435897437,0.4487179487179487,0.1314102564102564,0.6,0.55,0.5,reports\601899\2024\601899_2024Q4.pdf,True,0.8999999999999999,-0.05652680652680642,-0.04254079254079257,0.05827505827505819
2025-02-21,zijin,weekly,walk_forward_strict,v2_fundamental_valuation_model,v2_fundamental_valuation_model,strict,,active,16.19,15.336314210837138,0.0556643387339848,neutral,93.74370027045019,374.97480108180076,1.4101568240449804,10.875608974358974,0.41890224358974365,0,2024-09-30,2024-10-19,2024-10-19,7,0.1,-88.31203000403941,"{""cu_au_revenue_index"": 5.59846481234754, ""revenue_x_demand"": 2.5477221123048874, ""is_q4"": -4.956746084506539}","REAL_API:risk,real_rate;DEFAULT_PROXY:cu_inventory,power_grid_proxy,central_bank_gold_proxy,gold_etf_proxy,usd;MARKET_ASOF_BACKWARD;PROXY_ASOF_BACKWARD",77170.0,683.47,270459.0,18865.0,33.76498258,-2.738264332469389,0.4114423076923077,0.4327564102564103,0.5,0.3,0.55,0.22756410256410256,0.4487179487179487,0.17628205128205132,0.6,0.55,0.5,reports\601899\2024\601899_2024Q4.pdf,True,0.8999999999999999,-0.051883878937615924,0.07967881408276711,0.056825200741198234
2025-02-28,zijin,weekly,walk_forward_strict,v2_fundamental_valuation_model,v2_fundamental_valuation_model,strict,,active,15.35,16.404541562185535,-0.06428351308617986,neutral,97.80845386220686,391.23381544882744,1.4713016262977225,11.149679487179487,0.4874198717948719,0,2024-09-30,2024-10-19,2024-10-19,7,0.1,-88.31203000403941,"{""cu_au_revenue_index"": 5.59846481234754, ""revenue_x_demand"": 2.5477221123048874, ""is_q4"": -4.956746084506539}","REAL_API:risk,real_rate;DEFAULT_PROXY:cu_inventory,power_grid_proxy,central_bank_gold_proxy,gold_etf_proxy,usd;MARKET_ASOF_BACKWARD;PROXY_ASOF_BACKWARD",76840.0,670.78,270459.0,18865.0,33.43633426,-0.42063337170031717,0.49942307692307697,0.4651282051282052,0.5,0.3,0.55,0.8269230769230769,0.4358974358974359,0.28846153846153844,0.6,0.55,0.5,reports\601899\2024\601899_2024Q4.pdf,True,0.8999999999999999,0.07035830618892502,0.14462540716612393,0.1172638436482083
2025-03-07,zijin,weekly,walk_forward_strict,v2_fundamental_valuation_model,v2_fundamental_valuation_model,strict,,active,16.43,17.436934631396685,-0.05774722751920014,neutral,103.06232953783588,412.2493181513435,1.550334015837477,11.247211538461539,0.5118028846153846,0,2024-09-30,2024-10-19,2024-10-19,7,0.1,-88.31203000403941,"{""cu_au_revenue_index"": 5.59846481234754, ""revenue_x_demand"": 2.5477221123048874, ""is_q4"": -4.956746084506539}","REAL_API:power_grid_proxy,risk,real_rate;DEFAULT_PROXY:cu_inventory,central_bank_gold_proxy,gold_etf_proxy,usd;MARKET_ASOF_BACKWARD;PROXY_ASOF_BACKWARD",78320.0,679.48,270459.0,18865.0,34.00073908,0.40130680019903764,0.5345192307692308,0.46961538461538466,0.5,0.3,0.55,0.8237179487179487,0.6730769230769231,0.22435897435897434,0.6,0.55,0.5,reports\601899\2024\601899_2024Q4.pdf,True,0.8999999999999999,0.06390748630553866,0.10529519172245894,0.07242848447961059
2025-03-14,zijin,weekly,walk_forward_strict,v2_fundamental_valuation_model,v2_fundamental_valuation_model,strict,,active,17.48,17.633633285857904,-0.008712514509480962,neutral,105.28009398764324,421.12037595057296,1.5836951447879843,11.134487179487179,0.4836217948717949,0,2024-09-30,2024-10-19,2024-10-19,7,0.1,-88.31203000403941,"{""cu_au_revenue_index"": 5.59846481234754, ""revenue_x_demand"": 2.5477221123048874, ""is_q4"": -4.956746084506539}","REAL_API:risk,real_rate;DEFAULT_PROXY:cu_inventory,power_grid_proxy,central_bank_gold_proxy,gold_etf_proxy,usd;MARKET_ASOF_BACKWARD;PROXY_ASOF_BACKWARD",80500.0,692.67,270459.0,18865.0,34.83916905,-0.5706030571971141,0.5013461538461539,0.4507051282051282,0.5,0.3,0.55,0.8205128205128205,0.4551282051282052,0.23397435897435892,0.6,0.55,0.5,reports\601899\2024\601899_2024Q4.pdf,True,0.8999999999999999,0.005148741418764313,-0.02116704805491998,0.0097254004576659
2025-03-21,zijin,weekly,walk_forward_strict,v2_fundamental_valuation_model,v2_fundamental_valuation_model,strict,,active,17.57,18.553447182738253,-0.05300617039259592,neutral,109.58910904276878,438.35643617107513,1.6485142949534621,11.254647435897436,0.513661858974359,0,2024-09-30,2024-10-19,2024-10-19,7,0.1,-88.31203000403941,"{""cu_au_revenue_index"": 5.59846481234754, ""revenue_x_demand"": 2.5477221123048874, ""is_q4"": -4.956746084506539}","REAL_API:risk,real_rate;DEFAULT_PROXY:cu_inventory,power_grid_proxy,central_bank_gold_proxy,gold_etf_proxy,usd;MARKET_ASOF_BACKWARD;PROXY_ASOF_BACKWARD",80610.0,706.55,270459.0,18865.0,35.13076574,0.47995156720112303,0.52875,0.4856410256410257,0.5,0.3,0.55,0.8173076923076923,0.641025641025641,0.28846153846153844,0.6,0.55,0.5,reports\601899\2024\601899_2024Q4.pdf,True,0.8999999999999999,0.03357996585088219,-0.02390438247011961,-0.00626067159931698
2025-03-28,zijin,weekly,walk_forward_strict,v2_fundamental_valuation_model,v2_fundamental_valuation_model,strict,,active,18.16,19.87762396860333,-0.08640992360637845,neutral,113.91789726764932,455.6715890705973,1.7136308866556251,11.599711538461538,0.5999278846153846,0,2024-12-31,2025-03-22,2025-03-22,8,0.1,-69.94119387560207,"{""cu_au_revenue_index"": 4.965089259605713, ""revenue_x_demand"": 1.374847165342064, ""is_q4"": -10.79734355059414}","REAL_API:risk,real_rate;DEFAULT_PROXY:cu_inventory,power_grid_proxy,central_bank_gold_proxy,gold_etf_proxy,usd;MARKET_ASOF_BACKWARD;PROXY_ASOF_BACKWARD",80450.0,721.03,280541.0,18673.0,36.03331664,3.6007331075115383,0.6566346153846154,0.49461538461538457,0.5,0.7,0.55,0.8173076923076923,0.8269230769230769,0.2564102564102564,0.6,0.55,0.5,reports\601899\2024\601899_2024Q4.pdf,True,0.8999999999999999,-0.05781938325991198,-0.029735682819383213,-0.02808370044052877
2025-04-04,zijin,weekly,walk_forward_strict,v2_fundamental_valuation_model,v2_fundamental_valuation_model,strict,,active,17.11,19.943470316446742,-0.14207508881290687,undervalued,113.87582973538878,455.5033189415551,1.7129980780773761,11.642435897435897,0.6106089743589743,0,2024-12-31,2025-03-22,2025-03-22,8,0.1,-69.94119387560207,"{""cu_au_revenue_index"": 4.965089259605713, ""revenue_x_demand"": 1.374847165342064, ""is_q4"": -10.79734355059414}","REAL_API:power_grid_proxy,risk,real_rate;DEFAULT_PROXY:cu_inventory,central_bank_gold_proxy,gold_etf_proxy,usd;MARKET_ASOF_BACKWARD;PROXY_ASOF_BACKWARD",78860.0,738.94,280541.0,18673.0,35.92168988,3.9732612748679474,0.6494230769230769,0.538525641025641,0.5,0.7,0.55,0.9166666666666666,0.6794871794871795,0.45192307692307687,0.6,0.55,0.5,reports\601899\2024\601899_2024Q4.pdf,True,0.8999999999999999,0.0023378141437755406,0.03156049094097013,0.018118059614260718
2025-04-11,zijin,weekly,walk_forward_strict,v2_fundamental_valuation_model,v2_fundamental_valuation_model,strict,,active,17.15,18.041144663904465,-0.04939512877403007,neutral,106.18631595334423,424.74526381337694,1.5973271551027675,11.294583333333332,0.5236458333333334,0,2024-12-31,2025-03-22,2025-03-22,8,0.1,-69.94119387560207,"{""cu_au_revenue_index"": 4.965089259605713, ""revenue_x_demand"": 1.374847165342064, ""is_q4"": -10.79734355059414}","REAL_API:risk,real_rate;DEFAULT_PROXY:cu_inventory,power_grid_proxy,central_bank_gold_proxy,gold_etf_proxy,usd;MARKET_ASOF_BACKWARD;PROXY_ASOF_BACKWARD",75230.0,757.1,280541.0,18673.0,35.24242773,0.8333365723656262,0.589326923076923,0.40166666666666667,0.5,0.7,0.55,0.9134615384615384,0.28205128205128205,0.1282051282051282,0.6,0.55,0.5,reports\601899\2024\601899_2024Q4.pdf,True,0.8999999999999999,0.02740524781341125,0.01807580174927126,0.08396501457725947
2025-04-18,zijin,weekly,walk_forward_strict,v2_fundamental_valuation_model,v2_fundamental_valuation_model,strict,,active,17.62,17.504332992660792,0.006607907161484183,neutral,101.33445179529683,405.3378071811873,1.5243420976314817,11.483205128205128,0.570801282051282,0,2025-03-31,2025-04-12,2025-04-12,9,20.0,-36.77387572305342,"{""cu_au_revenue_index"": 3.704554052988916, ""revenue_x_demand"": 0.49586833298310323, ""is_q4"": -0.7121915736319318}","REAL_API:risk,real_rate;DEFAULT_PROXY:cu_inventory,power_grid_proxy,central_bank_gold_proxy,gold_etf_proxy,usd;MARKET_ASOF_BACKWARD;PROXY_ASOF_BACKWARD",76140.0,788.62,287571.0,19065.0,36.93069624,2.61474064083846,0.6311538461538462,0.45871794871794874,0.5,0.7,0.55,0.9102564102564102,0.5641025641025641,0.22435897435897434,0.6,0.55,0.5,reports\601899\2025\601899_2025Q1.pdf,True,0.7,0.0017026106696933496,0.0017026106696933496,0.006242905788876207
2025-04-25,zijin,weekly,walk_forward_strict,v2_fundamental_valuation_model,v2_fundamental_valuation_model,strict,,active,17.65,17.82316328642172,-0.009715631486900245,neutral,102.742869880964,410.971479523856,1.5455284852914744,11.532083333333333,0.5830208333333333,0,2025-03-31,2025-04-12,2025-04-12,9,20.0,-36.77387572305342,"{""cu_au_revenue_index"": 3.704554052988916, ""revenue_x_demand"": 0.49586833298310323, ""is_q4"": -0.7121915736319318}","REAL_API:risk,real_rate;DEFAULT_PROXY:cu_inventory,power_grid_proxy,central_bank_gold_proxy,gold_etf_proxy,usd;MARKET_ASOF_BACKWARD;PROXY_ASOF_BACKWARD",77440.0,785.6,287571.0,19065.0,37.24696224,3.0922738442999997,0.6402884615384615,0.4766666666666666,0.5,0.7,0.55,0.907051282051282,0.6282051282051282,0.2628205128205128,0.6,0.55,0.5,reports\601899\2025\601899_2025Q1.pdf,True,0.7,-0.01076487252124636,-0.013031161473087693,0.02776203966005686
2025-05-02,zijin,weekly,walk_forward_strict,v2_fundamental_valuation_model,v2_fundamental_valuation_model,strict,,active,17.46,16.913055253638287,0.03233861287386608,neutral,100.5233562928892,402.0934251715568,1.5121410446074115,11.184839743589743,0.4962099358974359,0,2025-03-31,2025-04-12,2025-04-12,9,20.0,-36.77387572305342,"{""cu_au_revenue_index"": 3.704554052988916, ""revenue_x_demand"": 0.49586833298310323, ""is_q4"": -0.7121915736319318}","REAL_API:risk,real_rate;DEFAULT_PROXY:cu_inventory,power_grid_proxy,central_bank_gold_proxy,gold_etf_proxy,usd;MARKET_ASOF_BACKWARD;PROXY_ASOF_BACKWARD",77220.0,780.19,287571.0,19065.0,37.08055497,-0.14053768029495203,0.4941346153846154,0.5000641025641026,0.5,0.7,0.55,0.15064102564102563,0.41025641025641024,0.41346153846153844,0.6,0.55,0.5,reports\601899\2025\601899_2025Q1.pdf,True,0.7,0.010882016036655173,0.06471935853379152,0.09679266895761729
2025-05-09,zijin,weekly,walk_forward_strict,v2_fundamental_valuation_model,v2_fundamental_valuation_model,strict,,active,17.65,17.205267271006417,0.02584863820994099,neutral,101.51975021125843,406.0790008450337,1.5271294830771076,11.266410256410255,0.5166025641025641,0,2025-03-31,2025-04-12,2025-04-12,9,20.0,-36.77387572305342,"{""cu_au_revenue_index"": 3.704554052988916, ""revenue_x_demand"": 0.49586833298310323, ""is_q4"": -0.7121915736319318}","REAL_API:risk,real_rate;DEFAULT_PROXY:cu_inventory,power_grid_proxy,central_bank_gold_proxy,gold_etf_proxy,usd;MARKET_ASOF_BACKWARD;PROXY_ASOF_BACKWARD",77450.0,785.5,287571.0,19065.0,37.24793145,0.6184111695865387,0.5417307692307692,0.4699358974358975,0.5,0.7,0.55,0.15384615384615385,0.7243589743589743,0.20833333333333337,0.6,0.55,0.5,reports\601899\2025\601899_2025Q1.pdf,True,0.7,-0.013031161473087693,0.004532577903682888,0.043059490084985885
2025-05-16,zijin,weekly,walk_forward_strict,v2_fundamental_valuation_model,v2_fundamental_valuation_model,strict,,active,17.42,16.738073881792165,0.04074101494734372,neutral,99.24161936691861,396.96647746767445,1.4928602815526848,11.212083333333332,0.5030208333333335,0,2025-03-31,2025-04-12,2025-04-12,9,20.0,-36.77387572305342,"{""cu_au_revenue_index"": 3.704554052988916, ""revenue_x_demand"": 0.49586833298310323, ""is_q4"": -0.7121915736319318}","REAL_API:risk,real_rate;DEFAULT_PROXY:cu_inventory,power_grid_proxy,central_bank_gold_proxy,gold_etf_proxy,usd;MARKET_ASOF_BACKWARD;PROXY_ASOF_BACKWARD",78140.0,746.4,287571.0,19065.0,36.70091394,0.1108673441937551,0.530673076923077,0.4516666666666667,0.5,0.7,0.55,0.15705128205128205,0.6474358974358974,0.17307692307692313,0.6,0.55,0.5,reports\601899\2025\601899_2025Q1.pdf,True,0.7,0.06716417910447747,0.04133180252583224,0.13547646383467282
2025-05-23,zijin,weekly,walk_forward_strict,v2_fundamental_valuation_model,v2_fundamental_valuation_model,strict,,active,18.59,16.90841059671235,0.09945283701678109,neutral,100.73852743495142,402.9541097398057,1.5153777960204793,11.157884615384615,0.4894711538461539,0,2025-03-31,2025-04-12,2025-04-12,9,20.0,-36.77387572305342,"{""cu_au_revenue_index"": 3.704554052988916, ""revenue_x_demand"": 0.49586833298310323, ""is_q4"": -0.7121915736319318}","REAL_API:risk,real_rate;DEFAULT_PROXY:cu_inventory,power_grid_proxy,central_bank_gold_proxy,gold_etf_proxy,usd;MARKET_ASOF_BACKWARD;PROXY_ASOF_BACKWARD",77790.0,776.4,287571.0,19065.0,37.17221409,-0.39138052335143964,0.5234615384615385,0.4263461538461539,0.5,0.7,0.55,0.16025641025641027,0.5961538461538461,0.10576923076923073,0.6,0.55,0.5,reports\601899\2025\601899_2025Q1.pdf,True,0.7,-0.046261430876815446,0.03012372243141459,0.07853684776761694
2025-05-30,zijin,weekly,walk_forward_strict,v2_fundamental_valuation_model,v2_fundamental_valuation_model,strict,,active,17.73,17.042588510045064,0.040334922687933705,neutral,100.51839930246648,402.0735972098659,1.512066478168801,11.271057692307693,0.5177644230769232,0,2025-03-31,2025-04-12,2025-04-12,9,20.0,-36.77387572305342,"{""cu_au_revenue_index"": 3.704554052988916, ""revenue_x_demand"": 0.49586833298310323, ""is_q4"": -0.7121915736319318}","REAL_API:risk,real_rate;DEFAULT_PROXY:cu_inventory,power_grid_proxy,central_bank_gold_proxy,gold_etf_proxy,usd;MARKET_ASOF_BACKWARD;PROXY_ASOF_BACKWARD",77600.0,768.79,287571.0,19065.0,36.97249095,0.6567949714435128,0.543173076923077,0.4705769230769231,0.5,0.7,0.55,0.15705128205128205,0.7307692307692308,0.20833333333333337,0.6,0.55,0.5,reports\601899\2025\601899_2025Q1.pdf,True,0.7,0.023124647490129657,0.0383530738860689,0.06542583192329388
2025-06-06,zijin,weekly,walk_forward_strict,v2_fundamental_valuation_model,v2_fundamental_valuation_model,strict,,active,18.14,17.822552657306193,0.01781155308095972,neutral,103.5294865536499,414.1179462145996,1.5573613110247813,11.444070512820513,0.5610176282051282,0,2025-03-31,2025-04-12,2025-04-12,9,20.0,-36.77387572305342,"{""cu_au_revenue_index"": 3.704554052988916, ""revenue_x_demand"": 0.49586833298310323, ""is_q4"": -0.7121915736319318}","REAL_API:risk,real_rate;DEFAULT_PROXY:cu_inventory,power_grid_proxy,central_bank_gold_proxy,gold_etf_proxy,usd;MARKET_ASOF_BACKWARD;PROXY_ASOF_BACKWARD",78930.0,779.88,287571.0,19065.0,37.56639123,2.29221209308053,0.618173076923077,0.4548717948717949,0.5,0.7,0.55,0.5160256410256411,0.8717948717948718,0.10897435897435892,0.6,0.55,0.5,reports\601899\2025\601899_2025Q1.pdf,True,0.7,0.05567805953693483,0.09040793825799343,0.07331863285556772
2025-06-13,zijin,weekly,walk_forward_strict,v2_fundamental_valuation_model,v2_fundamental_valuation_model,strict,,active,19.15,17.603048020318656,0.08787977956407,neutral,103.01579695286581,412.06318781146325,1.5496340408839955,11.359487179487179,0.5398717948717948,0,2025-03-31,2025-04-12,2025-04-12,9,20.0,-36.77387572305342,"{""cu_au_revenue_index"": 3.704554052988916, ""revenue_x_demand"": 0.49586833298310323, ""is_q4"": -0.7121915736319318}","REAL_API:risk,real_rate;DEFAULT_PROXY:cu_inventory,power_grid_proxy,central_bank_gold_proxy,gold_etf_proxy,usd;MARKET_ASOF_BACKWARD;PROXY_ASOF_BACKWARD",78010.0,792.07,287571.0,19065.0,37.53422826,1.496557049853844,0.5811538461538461,0.4632051282051282,0.5,0.7,0.55,0.5128205128205128,0.6282051282051282,0.21794871794871795,0.6,0.55,0.5,reports\601899\2025\601899_2025Q1.pdf,True,0.7,-0.0386422976501305,0.04699738903394257,0.03655352480417773
2025-06-20,zijin,weekly,walk_forward_strict,v2_fundamental_valuation_model,v2_fundamental_valuation_model,strict,,active,18.41,17.698645322565945,0.04019260595764762,neutral,102.50197518266812,410.0079007306725,1.5419047825605372,11.478429487179486,0.5696073717948718,0,2025-03-31,2025-04-12,2025-04-12,9,20.0,-36.77387572305342,"{""cu_au_revenue_index"": 3.704554052988916, ""revenue_x_demand"": 0.49586833298310323, ""is_q4"": -0.7121915736319318}","REAL_API:risk,real_rate;DEFAULT_PROXY:cu_inventory,power_grid_proxy,central_bank_gold_proxy,gold_etf_proxy,usd;MARKET_ASOF_BACKWARD;PROXY_ASOF_BACKWARD",77990.0,777.4,287571.0,19065.0,37.24879329,2.5927906034473542,0.6124038461538461,0.4901282051282051,0.5,0.7,0.55,0.5096153846153846,0.8397435897435898,0.23717948717948723,0.6,0.55,0.5,reports\601899\2025\601899_2025Q1.pdf,True,0.7,0.0744160782183596,0.02607278652906042,0.046170559478544426
2025-06-27,zijin,weekly,walk_forward_strict,v2_fundamental_valuation_model,v2_fundamental_valuation_model,strict,,active,19.78,17.895301152478154,0.1053180849801374,neutral,103.59549499769078,414.3819799907631,1.5583542551643905,11.483461538461537,0.5708653846153846,0,2025-03-31,2025-04-12,2025-04-12,9,20.0,-36.77387572305342,"{""cu_au_revenue_index"": 3.704554052988916, ""revenue_x_demand"": 0.49586833298310323, ""is_q4"": -0.7121915736319318}","REAL_API:risk,real_rate;DEFAULT_PROXY:cu_inventory,power_grid_proxy,central_bank_gold_proxy,gold_etf_proxy,usd;MARKET_ASOF_BACKWARD;PROXY_ASOF_BACKWARD",79920.0,763.3,287571.0,19065.0,37.53498882,2.6599314192634615,0.6051923076923077,0.5071153846153846,0.5,0.7,0.55,0.5128205128205128,0.7884615384615384,0.3108974358974359,0.6,0.55,0.5,reports\601899\2025\601899_2025Q1.pdf,True,0.7,0.013650151668351818,-0.01567239635995965,0.03842264914054594
2025-07-04,zijin,weekly,walk_forward_strict,v2_fundamental_valuation_model,v2_fundamental_valuation_model,strict,,active,20.05,18.109404386424995,0.10715954937919969,neutral,104.28626400127526,417.145056005101,1.5687452747361927,11.543878205128205,0.5859695512820513,0,2025-03-31,2025-04-12,2025-04-12,9,20.0,-36.77387572305342,"{""cu_au_revenue_index"": 3.704554052988916, ""revenue_x_demand"": 0.49586833298310323, ""is_q4"": -0.7121915736319318}","REAL_API:power_grid_proxy,risk,real_rate;DEFAULT_PROXY:cu_inventory,central_bank_gold_proxy,gold_etf_proxy,usd;MARKET_ASOF_BACKWARD;PROXY_ASOF_BACKWARD",79730.0,771.9,287571.0,19065.0,37.64430933,3.236264381422837,0.630673076923077,0.502948717948718,0.5,0.7,0.55,0.5993589743589743,0.8717948717948718,0.2692307692307693,0.6,0.55,0.5,reports\601899\2025\601899_2025Q1.pdf,True,0.7,-0.05785536159601001,-0.009975062344139585,0.06184538653366567
2025-07-11,zijin,weekly,walk_forward_strict,v2_fundamental_valuation_model,v2_fundamental_valuation_model,strict,,active,18.89,17.289907087076287,0.09254491102035689,neutral,101.63922644445351,406.55690577781405,1.528926726252544,11.308525641025641,0.5271314102564103,0,2025-03-31,2025-04-12,2025-04-12,9,20.0,-36.77387572305342,"{""cu_au_revenue_index"": 3.704554052988916, ""revenue_x_demand"": 0.49586833298310323, ""is_q4"": -0.7121915736319318}","REAL_API:risk,real_rate;DEFAULT_PROXY:cu_inventory,power_grid_proxy,central_bank_gold_proxy,gold_etf_proxy,usd;MARKET_ASOF_BACKWARD;PROXY_ASOF_BACKWARD",78430.0,769.66,287571.0,19065.0,37.22776143,1.010041668285098,0.5734615384615385,0.4410897435897436,0.5,0.7,0.55,0.5961538461538461,0.4935897435897436,0.1891025641025641,0.6,0.55,0.5,reports\601899\2025\601899_2025Q1.pdf,True,0.7,0.03070407623080995,0.01958708311275803,0.09370037056643721
2025-07-18,zijin,weekly,walk_forward_strict,v2_fundamental_valuation_model,v2_fundamental_valuation_model,strict,,active,19.47,17.63037297444406,0.10434419216329416,neutral,102.48144378084139,409.92577512336555,1.5415959351786903,11.436442307692307,0.559110576923077,0,2025-03-31,2025-04-12,2025-04-12,9,20.0,-36.77387572305342,"{""cu_au_revenue_index"": 3.704554052988916, ""revenue_x_demand"": 0.49586833298310323, ""is_q4"": -0.7121915736319318}","REAL_API:risk,real_rate;DEFAULT_PROXY:cu_inventory,power_grid_proxy,central_bank_gold_proxy,gold_etf_proxy,usd;MARKET_ASOF_BACKWARD;PROXY_ASOF_BACKWARD",78410.0,773.5,287571.0,19065.0,37.29521961,2.2045419476199535,0.6114423076923077,0.461923076923077,0.5,0.7,0.55,0.592948717948718,0.75,0.17307692307692313,0.6,0.55,0.5,reports\601899\2025\601899_2025Q1.pdf,True,0.7,0.019517205957884087,0.05495634309193642,0.18541345659989728
2025-07-25,zijin,weekly,walk_forward_strict,v2_fundamental_valuation_model,v2_fundamental_valuation_model,strict,,active,19.85,17.43144483050934,0.13874668411063618,overvalued,102.71405276276097,410.8562110510439,1.5450949984996571,11.281794871794872,0.520448717948718,0,2025-03-31,2025-04-12,2025-04-12,9,20.0,-36.77387572305342,"{""cu_au_revenue_index"": 3.704554052988916, ""revenue_x_demand"": 0.49586833298310323, ""is_q4"": -0.7121915736319318}","REAL_API:risk,real_rate;DEFAULT_PROXY:cu_inventory,power_grid_proxy,central_bank_gold_proxy,gold_etf_proxy,usd;MARKET_ASOF_BACKWARD;PROXY_ASOF_BACKWARD",79250.0,774.21,287571.0,19065.0,37.5503154,0.767855808500004,0.5590384615384616,0.4487820512820513,0.5,0.7,0.55,0.5961538461538461,0.39743589743589747,0.2467948717948718,0.6,0.55,0.5,reports\601899\2025\601899_2025Q1.pdf,True,0.7,-0.02972292191435766,0.07254408060453388,0.2730478589420653
2025-08-01,zijin,weekly,walk_forward_strict,v2_fundamental_valuation_model,v2_fundamental_valuation_model,strict,,active,19.26,17.36827146920468,0.10891864133684859,neutral,101.66307442452346,406.65229769809383,1.5292854638715874,11.357115384615383,0.5392788461538461,0,2025-03-31,2025-04-12,2025-04-12,9,20.0,-36.77387572305342,"{""cu_au_revenue_index"": 3.704554052988916, ""revenue_x_demand"": 0.49586833298310323, ""is_q4"": -0.7121915736319318}","REAL_API:power_grid_proxy,risk,real_rate;DEFAULT_PROXY:cu_inventory,central_bank_gold_proxy,gold_etf_proxy,usd;MARKET_ASOF_BACKWARD;PROXY_ASOF_BACKWARD",78400.0,767.29,287571.0,19065.0,37.17395025,1.46014987280048,0.5503846153846154,0.5186538461538461,0.5,0.7,0.55,0.358974358974359,0.5769230769230769,0.4198717948717948,0.6,0.55,0.5,reports\601899\2025\601899_2025Q1.pdf,True,0.7,0.06645898234683267,0.07268951194184825,0.3317757009345792
2025-08-08,zijin,weekly,walk_forward_strict,v2_fundamental_valuation_model,v2_fundamental_valuation_model,strict,,active,20.54,17.581003836410687,0.16830643978708193,overvalued,102.89462961630225,411.578518465209,1.547811358975627,11.358621794871794,0.5396554487179487,0,2025-03-31,2025-04-12,2025-04-12,9,20.0,-36.77387572305342,"{""cu_au_revenue_index"": 3.704554052988916, ""revenue_x_demand"": 0.49586833298310323, ""is_q4"": -0.7121915736319318}","REAL_API:risk,real_rate;DEFAULT_PROXY:cu_inventory,power_grid_proxy,central_bank_gold_proxy,gold_etf_proxy,usd;MARKET_ASOF_BACKWARD;PROXY_ASOF_BACKWARD",78490.0,783.18,287571.0,19065.0,37.50277449,1.487189350568989,0.5585576923076923,0.5045512820512821,0.5,0.7,0.55,0.36217948717948717,0.6282051282051282,0.3557692307692307,0.6,0.55,0.5,reports\601899\2025\601899_2025Q1.pdf,True,0.7,0.036514118792599914,0.12366114897760472,0.2181110029211295
2025-08-15,zijin,weekly,walk_forward_strict,v2_fundamental_valuation_model,v2_fundamental_valuation_model,strict,,active,21.29,16.953336164127833,0.25580002625372744,overvalued,101.59041450851491,406.36165803405964,1.528192463743596,11.093717948717948,0.47342948717948713,0,2025-03-31,2025-04-12,2025-04-12,9,20.0,-36.77387572305342,"{""cu_au_revenue_index"": 3.704554052988916, ""revenue_x_demand"": 0.49586833298310323, ""is_q4"": -0.7121915736319318}","REAL_API:risk,real_rate;DEFAULT_PROXY:cu_inventory,power_grid_proxy,central_bank_gold_proxy,gold_etf_proxy,usd;MARKET_ASOF_BACKWARD;PROXY_ASOF_BACKWARD",79060.0,773.55,287571.0,19065.0,37.48309401,-0.9959450299451942,0.4898076923076923,0.44301282051282054,0.5,0.7,0.55,0.36538461538461536,0.16666666666666663,0.3044871794871795,0.6,0.55,0.5,reports\601899\2025\601899_2025Q1.pdf,True,0.7,-0.029591357444809674,0.18694222639736968,0.2869891968060121
2025-08-22,zijin,weekly,walk_forward_strict,v2_fundamental_valuation_model,v2_fundamental_valuation_model,strict,,active,20.66,16.875597993291606,0.22425291288716243,overvalued,101.06647276297024,404.26589105188094,1.520310973832804,11.100096153846152,0.4750240384615385,0,2025-03-31,2025-04-12,2025-04-12,9,20.0,-36.77387572305342,"{""cu_au_revenue_index"": 3.704554052988916, ""revenue_x_demand"": 0.49586833298310323, ""is_q4"": -0.7121915736319318}","REAL_API:risk,real_rate;DEFAULT_PROXY:cu_inventory,power_grid_proxy,central_bank_gold_proxy,gold_etf_proxy,usd;MARKET_ASOF_BACKWARD;PROXY_ASOF_BACKWARD",78650.0,771.87,287571.0,19065.0,37.3331607,-0.932431585752402,0.4825961538461539,0.4609615384615384,0.5,0.7,0.55,0.3685897435897436,0.11538461538461542,0.3814102564102564,0.6,0.55,0.5,reports\601899\2025\601899_2025Q1.pdf,True,0.7,0.11713455953533392,0.24152952565343644,0.42497579864472423
2025-08-29,zijin,weekly,walk_forward_strict,v2_fundamental_valuation_model,v2_fundamental_valuation_model,strict,,active,23.08,20.891186240302204,0.10477211463824143,neutral,125.0328019998105,500.131207999242,1.8808288819496897,11.107435897435897,0.4768589743589744,0,2025-06-30,2025-08-27,2025-08-27,10,0.01,-62.727053857296696,"{""cu_au_revenue_index"": 4.74274227614514, ""revenue_x_demand"": -0.07449472539371958, ""is_q4"": -12.070072461981336}","REAL_API:risk,real_rate;DEFAULT_PROXY:cu_inventory,power_grid_proxy,central_bank_gold_proxy,gold_etf_proxy,usd;MARKET_ASOF_BACKWARD;PROXY_ASOF_BACKWARD",79410.0,781.71,282429.0,21935.0,39.57449574,-0.9157944206499986,0.4773076923076923,0.47602564102564104,0.5,0.7,0.55,0.36538461538461536,0.08333333333333337,0.4423076923076923,0.6,0.55,0.5,reports\601899\2025\601899_2025Q4.pdf,True,0.8999999999999999,0.09488734835355284,0.08405545927209701,0.33752166377816306
2025-09-05,zijin,weekly,walk_forward_strict,v2_fundamental_valuation_model,v2_fundamental_valuation_model,strict,,active,25.27,21.783223822697,0.16006704084222645,overvalued,129.0238538895406,516.0954155581624,1.9408650128169769,11.223461538461539,0.5058653846153847,0,2025-06-30,2025-08-27,2025-08-27,10,0.01,-62.727053857296696,"{""cu_au_revenue_index"": 4.74274227614514, ""revenue_x_demand"": -0.07449472539371958, ""is_q4"": -12.070072461981336}","REAL_API:risk,real_rate;DEFAULT_PROXY:cu_inventory,power_grid_proxy,central_bank_gold_proxy,gold_etf_proxy,usd;MARKET_ASOF_BACKWARD;PROXY_ASOF_BACKWARD",80140.0,811.5,282429.0,21935.0,40.43411256,0.2371616217461557,0.4984615384615385,0.5196153846153846,0.5,0.7,0.55,0.4358974358974359,0.15384615384615385,0.5641025641025641,0.6,0.55,0.5,reports\601899\2025\601899_2025Q4.pdf,True,0.8999999999999999,0.015037593984962294,0.08428967154728917,0.19390581717451538
2025-09-12,zijin,weekly,walk_forward_strict,v2_fundamental_valuation_model,v2_fundamental_valuation_model,strict,,active,25.65,22.39028504422096,0.14558613029450407,overvalued,132.19557759048269,528.7823103619307,1.9885762489636745,11.259455128205127,0.514863782051282,0,2025-06-30,2025-08-27,2025-08-27,10,0.01,-62.727053857296696,"{""cu_au_revenue_index"": 4.74274227614514, ""revenue_x_demand"": -0.07449472539371958, ""is_q4"": -12.070072461981336}","REAL_API:risk,real_rate;DEFAULT_PROXY:cu_inventory,power_grid_proxy,central_bank_gold_proxy,gold_etf_proxy,usd;MARKET_ASOF_BACKWARD;PROXY_ASOF_BACKWARD",81060.0,830.41,282429.0,21935.0,41.10873809,0.6110313233729958,0.5047115384615385,0.5337179487179488,0.5,0.7,0.55,0.4326923076923077,0.19871794871794868,0.5961538461538461,0.6,0.55,0.5,reports\601899\2025\601899_2025Q4.pdf,True,0.8999999999999999,-0.024561403508771895,0.14775828460038998,0.17076023391812867
2025-09-19,zijin,weekly,walk_forward_strict,v2_fundamental_valuation_model,v2_fundamental_valuation_model,strict,,active,25.02,22.017509731244086,0.1363682952979559,overvalued,130.20406836755882,520.8162734702353,1.9586186058073605,11.241346153846154,0.5103365384615385,0,2025-06-30,2025-08-27,2025-08-27,10,0.01,-62.727053857296696,"{""cu_au_revenue_index"": 4.74274227614514, ""revenue_x_demand"": -0.07449472539371958, ""is_q4"": -12.070072461981336}","REAL_API:risk,real_rate;DEFAULT_PROXY:cu_inventory,power_grid_proxy,central_bank_gold_proxy,gold_etf_proxy,usd;MARKET_ASOF_BACKWARD;PROXY_ASOF_BACKWARD",79850.0,826.71,282429.0,21935.0,40.6858395,0.42055074483173155,0.5032692307692308,0.5234615384615384,0.5,0.7,0.55,0.42948717948717946,0.1923076923076923,0.5641025641025641,0.6,0.55,0.5,reports\601899\2025\601899_2025Q4.pdf,True,0.8999999999999999,0.09512390087929656,0.23381294964028787,0.21902478017585936
2025-09-26,zijin,weekly,walk_forward_strict,v2_fundamental_valuation_model,v2_fundamental_valuation_model,strict,,active,27.4,23.165200673466476,0.1828086614153135,overvalued,136.41005833343405,545.6402333337362,2.0519733493803773,11.28923076923077,0.5223076923076924,0,2025-06-30,2025-08-27,2025-08-27,10,0.01,-62.727053857296696,"{""cu_au_revenue_index"": 4.74274227614514, ""revenue_x_demand"": -0.07449472539371958, ""is_q4"": -12.070072461981336}","REAL_API:risk,real_rate;DEFAULT_PROXY:cu_inventory,power_grid_proxy,central_bank_gold_proxy,gold_etf_proxy,usd;MARKET_ASOF_BACKWARD;PROXY_ASOF_BACKWARD",82470.0,853.0,282429.0,21935.0,42.00247463,0.9369782802076946,0.5263461538461539,0.5148076923076923,0.5,0.7,0.55,0.42948717948717946,0.34615384615384615,0.4839743589743589,0.6,0.55,0.5,reports\601899\2025\601899_2025Q4.pdf,True,0.8999999999999999,0.07445255474452561,0.101094890510949,0.101094890510949
2025-10-03,zijin,weekly,walk_forward_strict,v2_fundamental_valuation_model,v2_fundamental_valuation_model,strict,,active,29.44,21.81511623843119,0.34952294905200776,overvalued,127.05960854323617,508.23843417294466,1.911317491530761,11.413653846153846,0.5534134615384616,1,2025-06-30,2025-08-27,2025-08-27,10,0.01,-62.727053857296696,"{""cu_au_revenue_index"": 4.74274227614514, ""revenue_x_demand"": -0.07449472539371958, ""is_q4"": -12.070072461981336}","REAL_API:risk,real_rate;DEFAULT_PROXY:cu_inventory,power_grid_proxy,central_bank_gold_proxy,gold_etf_proxy,usd;MARKET_ASOF_BACKWARD;PROXY_ASOF_BACKWARD",83110.0,871.86,282429.0,21935.0,42.59692329,2.2752491238072143,0.5638461538461539,0.5340384615384616,0.5,0.7,0.55,0.6602564102564102,0.3653846153846154,0.5416666666666667,0.6,0.55,0.5,reports\601899\2025\601899_2025Q4.pdf,True,0.8999999999999999,0.048573369565217295,0.02004076086956519,0.01970108695652173
2025-10-10,zijin,weekly,walk_forward_strict,v2_fundamental_valuation_model,v2_fundamental_valuation_model,strict,,active,30.87,22.988972213151197,0.34281775251963387,overvalued,133.4547526186447,533.8190104745788,2.0075176205279184,11.451442307692307,0.562860576923077,1,2025-06-30,2025-08-27,2025-08-27,10,0.01,-62.727053857296696,"{""cu_au_revenue_index"": 4.74274227614514, ""revenue_x_demand"": -0.07449472539371958, ""is_q4"": -12.070072461981336}","REAL_API:risk,real_rate;DEFAULT_PROXY:cu_inventory,power_grid_proxy,central_bank_gold_proxy,gold_etf_proxy,usd;MARKET_ASOF_BACKWARD;PROXY_ASOF_BACKWARD",85910.0,897.63,282429.0,21935.0,43.95298944,2.7629102736923117,0.5633653846153847,0.5619230769230769,0.5,0.7,0.55,0.657051282051282,0.3653846153846154,0.6346153846153846,0.6,0.55,0.5,reports\601899\2025\601899_2025Q4.pdf,True,0.8999999999999999,-0.0226757369614512,-0.011985746679624265,-0.08843537414965985
2025-10-17,zijin,weekly,walk_forward_strict,v2_fundamental_valuation_model,v2_fundamental_valuation_model,strict,,active,30.17,24.153274203472648,0.2491060112944148,overvalued,141.88037463429578,567.5214985371831,2.1342615867668875,11.316923076923075,0.5292307692307692,1,2025-06-30,2025-08-27,2025-08-27,10,0.01,-62.727053857296696,"{""cu_au_revenue_index"": 4.74274227614514, ""revenue_x_demand"": -0.07449472539371958, ""is_q4"": -12.070072461981336}","REAL_API:risk,real_rate;DEFAULT_PROXY:cu_inventory,power_grid_proxy,central_bank_gold_proxy,gold_etf_proxy,usd;MARKET_ASOF_BACKWARD;PROXY_ASOF_BACKWARD",84390.0,997.17,282429.0,21935.0,45.70710726,1.3360539045230742,0.5225,0.5417307692307691,0.5,0.7,0.55,0.6538461538461539,0.09615384615384615,0.657051282051282,0.6,0.55,0.5,reports\601899\2025\601899_2025Q4.pdf,True,0.8999999999999999,-0.004640371229698403,0.0,-0.05270135896586026
2025-10-24,zijin,weekly,walk_forward_strict,v2_fundamental_valuation_model,v2_fundamental_valuation_model,strict,,active,30.03,24.8610552258439,0.20791332979232569,overvalued,143.16845035417765,572.6738014167106,2.1536377022929205,11.54375,0.5859375,1,2025-09-30,2025-10-18,2025-10-18,11,0.1,-70.34091168802281,"{""cu_au_revenue_index"": 5.036039855270609, ""revenue_x_demand"": -0.509045148480331, ""is_q4"": -12.449842464732685}","REAL_API:risk,real_rate;DEFAULT_PROXY:cu_inventory,power_grid_proxy,central_bank_gold_proxy,gold_etf_proxy,usd;MARKET_ASOF_BACKWARD;PROXY_ASOF_BACKWARD",87720.0,935.6,260000.0,24000.0,45.2616,3.8896687500000002,0.5864423076923077,0.585,0.5,0.7,0.55,0.657051282051282,0.5192307692307692,0.6602564102564102,0.6,0.55,0.5,reports\601899\2025\601899_2025Q4.pdf,True,0.8999999999999999,0.015651015651015676,-0.00033300033300043275,0.042957042957042946
2025-10-31,zijin,weekly,walk_forward_strict,v2_fundamental_valuation_model,v2_fundamental_valuation_model,strict,,active,30.5,23.982213519638506,0.271775850674677,overvalued,142.65075136553884,570.6030054621554,2.1458501201991473,11.176089743589742,0.4940224358974359,1,2025-09-30,2025-10-18,2025-10-18,11,0.1,-70.34091168802281,"{""cu_au_revenue_index"": 5.036039855270609, ""revenue_x_demand"": -0.509045148480331, ""is_q4"": -12.449842464732685}","REAL_API:power_grid_proxy,risk,real_rate;DEFAULT_PROXY:cu_inventory,central_bank_gold_proxy,gold_etf_proxy,usd;MARKET_ASOF_BACKWARD;PROXY_ASOF_BACKWARD",87010.0,921.5,260000.0,24000.0,44.7386,-0.2674278493589749,0.4705769230769231,0.5375641025641025,0.5,0.7,0.55,0.1282051282051282,0.27564102564102566,0.5833333333333333,0.6,0.55,0.5,reports\601899\2025\601899_2025Q4.pdf,True,0.8999999999999999,-0.01081967213114754,-0.07737704918032784,0.03934426229508192
2025-11-07,zijin,weekly,walk_forward_strict,v2_fundamental_valuation_model,v2_fundamental_valuation_model,strict,,active,30.17,23.659966481107315,0.27514973548635435,overvalued,140.90651471006936,563.6260588402774,2.1196121200416584,11.162403846153845,0.4906009615384615,1,2025-09-30,2025-10-18,2025-10-18,11,0.1,-70.34091168802281,"{""cu_au_revenue_index"": 5.036039855270609, ""revenue_x_demand"": -0.509045148480331, ""is_q4"": -12.449842464732685}","REAL_API:risk,real_rate;DEFAULT_PROXY:cu_inventory,power_grid_proxy,central_bank_gold_proxy,gold_etf_proxy,usd;MARKET_ASOF_BACKWARD;PROXY_ASOF_BACKWARD",85940.0,918.03,260000.0,24000.0,44.37712,-0.4171022576923094,0.46721153846153846,0.5340384615384615,0.5,0.7,0.55,0.13141025641025642,0.25,0.5801282051282051,0.6,0.55,0.5,reports\601899\2025\601899_2025Q4.pdf,True,0.8999999999999999,-0.004971826317534012,-0.05270135896586026,0.03148823334438178
2025-11-14,zijin,weekly,walk_forward_strict,v2_fundamental_valuation_model,v2_fundamental_valuation_model,strict,,active,30.02,24.420454101918054,0.2292973699306493,overvalued,146.07690824738,584.30763298952,2.197388714187206,11.113397435897435,0.47834935897435893,1,2025-09-30,2025-10-18,2025-10-18,11,0.1,-70.34091168802281,"{""cu_au_revenue_index"": 5.036039855270609, ""revenue_x_demand"": -0.509045148480331, ""is_q4"": -12.449842464732685}","REAL_API:risk,real_rate;DEFAULT_PROXY:cu_inventory,power_grid_proxy,central_bank_gold_proxy,gold_etf_proxy,usd;MARKET_ASOF_BACKWARD;PROXY_ASOF_BACKWARD",86900.0,948.03,260000.0,24000.0,45.34672,-0.9817855564102584,0.4542307692307692,0.5231410256410256,0.5,0.7,0.55,0.1346153846153846,0.16025641025641024,0.5737179487179487,0.6,0.55,0.5,reports\601899\2025\601899_2025Q4.pdf,True,0.8999999999999999,-0.06262491672218518,0.04330446369087282,0.11692205196535643
2025-11-21,zijin,weekly,walk_forward_strict,v2_fundamental_valuation_model,v2_fundamental_valuation_model,strict,,active,28.14,23.653450913217412,0.18967841535019025,overvalued,141.67480133937391,566.6992053574957,2.1311692127317348,11.098814102564102,0.47470352564102564,1,2025-09-30,2025-10-18,2025-10-18,11,0.1,-70.34091168802281,"{""cu_au_revenue_index"": 5.036039855270609, ""revenue_x_demand"": -0.509045148480331, ""is_q4"": -12.449842464732685}","REAL_API:risk,real_rate;DEFAULT_PROXY:cu_inventory,power_grid_proxy,central_bank_gold_proxy,gold_etf_proxy,usd;MARKET_ASOF_BACKWARD;PROXY_ASOF_BACKWARD",85660.0,924.44,260000.0,24000.0,44.45816,-1.1246347044871796,0.4441346153846154,0.5314743589743589,0.5,0.7,0.55,0.13782051282051283,0.08974358974358976,0.625,0.6,0.55,0.5,reports\601899\2025\601899_2025Q4.pdf,True,0.8999999999999999,0.01563610518834402,0.12651030561478316,0.22494669509594867
2025-11-28,zijin,weekly,walk_forward_strict,v2_fundamental_valuation_model,v2_fundamental_valuation_model,strict,,active,28.58,24.67719547639471,0.15815429785522284,overvalued,146.13754584939193,584.5501833975677,2.198300866449429,11.225576923076922,0.5063942307692307,1,2025-09-30,2025-10-18,2025-10-18,11,0.1,-70.34091168802281,"{""cu_au_revenue_index"": 5.036039855270609, ""revenue_x_demand"": -0.509045148480331, ""is_q4"": -12.449842464732685}","REAL_API:risk,real_rate;DEFAULT_PROXY:cu_inventory,power_grid_proxy,central_bank_gold_proxy,gold_etf_proxy,usd;MARKET_ASOF_BACKWARD;PROXY_ASOF_BACKWARD",87430.0,948.15,260000.0,24000.0,45.4874,0.29085693269230617,0.47442307692307695,0.5657692307692307,0.5,0.7,0.55,0.14102564102564102,0.28846153846153844,0.6730769230769231,0.6,0.55,0.5,reports\601899\2025\601899_2025Q4.pdf,True,0.8999999999999999,0.09587123862841151,0.08887333799860042,0.3023093072078378
2025-12-05,zijin,weekly,walk_forward_strict,v2_fundamental_valuation_model,v2_fundamental_valuation_model,strict,,active,31.32,26.279182641023542,0.19181788976600078,overvalued,152.98743991967348,611.9497596786939,2.3013416557432733,11.419070512820511,0.5547676282051281,1,2025-09-30,2025-10-18,2025-10-18,11,0.1,-70.34091168802281,"{""cu_au_revenue_index"": 5.036039855270609, ""revenue_x_demand"": -0.509045148480331, ""is_q4"": -12.449842464732685}","REAL_API:power_grid_proxy,risk,real_rate;DEFAULT_PROXY:cu_inventory,central_bank_gold_proxy,gold_etf_proxy,usd;MARKET_ASOF_BACKWARD;PROXY_ASOF_BACKWARD",92780.0,956.5,260000.0,24000.0,47.0788,2.578394214743587,0.5479807692307692,0.5673717948717948,0.5,0.7,0.55,0.3076923076923077,0.6121794871794872,0.5705128205128205,0.6,0.55,0.5,reports\601899\2025\601899_2025Q4.pdf,True,0.8999999999999999,0.012132822477650018,0.07056194125159654,0.19636015325670497
2025-12-12,zijin,weekly,walk_forward_strict,v2_fundamental_valuation_model,v2_fundamental_valuation_model,strict,,active,31.7,26.773881921513667,0.18398968416036965,overvalued,155.61798351571173,622.4719340628469,2.3409120907933016,11.437371794871794,0.5593429487179488,1,2025-09-30,2025-10-18,2025-10-18,11,0.1,-70.34091168802281,"{""cu_au_revenue_index"": 5.036039855270609, ""revenue_x_demand"": -0.509045148480331, ""is_q4"": -12.449842464732685}","REAL_API:risk,real_rate;DEFAULT_PROXY:cu_inventory,power_grid_proxy,central_bank_gold_proxy,gold_etf_proxy,usd;MARKET_ASOF_BACKWARD;PROXY_ASOF_BACKWARD",94170.0,964.25,260000.0,24000.0,47.6262,2.8262791442307713,0.561923076923077,0.5545512820512821,0.5,0.7,0.55,0.3076923076923077,0.7051282051282051,0.4967948717948718,0.6,0.55,0.5,reports\601899\2025\601899_2025Q4.pdf,True,0.8999999999999999,-0.01829652996845421,0.08738170347003149,0.18485804416403795
2025-12-19,zijin,weekly,walk_forward_strict,v2_fundamental_valuation_model,v2_fundamental_valuation_model,strict,,active,31.12,26.78398282544994,0.16188843917679074,overvalued,155.68672762209854,622.7469104883942,2.341946186636058,11.436634615384616,0.5591586538461539,1,2025-09-30,2025-10-18,2025-10-18,11,0.1,-70.34091168802281,"{""cu_au_revenue_index"": 5.036039855270609, ""revenue_x_demand"": -0.509045148480331, ""is_q4"": -12.449842464732685}","REAL_API:risk,real_rate;DEFAULT_PROXY:cu_inventory,power_grid_proxy,central_bank_gold_proxy,gold_etf_proxy,usd;MARKET_ASOF_BACKWARD;PROXY_ASOF_BACKWARD",93180.0,975.51,260000.0,24000.0,47.63904,2.818261476923081,0.5566346153846154,0.5638461538461539,0.5,0.7,0.55,0.30448717948717946,0.6730769230769231,0.5384615384615384,0.6,0.55,0.5,reports\601899\2025\601899_2025Q4.pdf,True,0.8999999999999999,0.07744215938303345,0.19601542416452444,0.2898457583547558
2025-12-26,zijin,weekly,walk_forward_strict,v2_fundamental_valuation_model,v2_fundamental_valuation_model,strict,,active,33.53,28.70692381311311,0.16801090281515108,overvalued,166.53886011112746,666.1554404445098,2.5051913822139436,11.45897435897436,0.5647435897435897,1,2025-09-30,2025-10-18,2025-10-18,11,0.1,-70.34091168802281,"{""cu_au_revenue_index"": 5.036039855270609, ""revenue_x_demand"": -0.509045148480331, ""is_q4"": -12.449842464732685}","REAL_API:risk,real_rate;DEFAULT_PROXY:cu_inventory,power_grid_proxy,central_bank_gold_proxy,gold_etf_proxy,usd;MARKET_ASOF_BACKWARD;PROXY_ASOF_BACKWARD",98720.0,1007.0,260000.0,24000.0,49.8352,3.226509743589743,0.5571153846153847,0.5789102564102564,0.5,0.7,0.55,0.30128205128205127,0.6794871794871795,0.5865384615384616,0.6,0.55,0.5,reports\601899\2025\601899_2025Q4.pdf,True,0.8999999999999999,0.028034595884282698,0.11750671040858918,0.10915597971965396
2026-01-02,zijin,weekly,walk_forward_strict,v2_fundamental_valuation_model,v2_fundamental_valuation_model,strict,,active,34.47,30.196667954124884,0.14151667503074217,overvalued,174.04322985820664,696.1729194328266,2.6180772420474088,11.533910256410255,0.5834775641025642,0,2025-09-30,2025-10-18,2025-10-18,11,0.1,-70.34091168802281,"{""cu_au_revenue_index"": 5.036039855270609, ""revenue_x_demand"": -0.509045148480331, ""is_q4"": -12.449842464732685}","REAL_API:power_grid_proxy,risk,real_rate;DEFAULT_PROXY:cu_inventory,central_bank_gold_proxy,gold_etf_proxy,usd;MARKET_ASOF_BACKWARD;PROXY_ASOF_BACKWARD",98240.0,974.9,260000.0,24000.0,48.94,4.085391987179493,0.6042307692307693,0.5449358974358974,0.5,0.7,0.55,0.7435897435897436,0.5512820512820513,0.516025641025641,0.6,0.55,0.5,reports\601899\2025\601899_2025Q4.pdf,True,0.8999999999999999,0.07977951842181596,0.08964316797214988,0.09602552944589515
2026-01-09,zijin,weekly,walk_forward_strict,v2_fundamental_valuation_model,v2_fundamental_valuation_model,strict,,active,37.22,31.198161968808797,0.19301900019660434,overvalued,183.15895865193198,732.6358346077279,2.7552022662093485,11.323365384615384,0.5308413461538463,0,2025-09-30,2025-10-18,2025-10-18,11,0.1,-70.34091168802281,"{""cu_au_revenue_index"": 5.036039855270609, ""revenue_x_demand"": -0.509045148480331, ""is_q4"": -12.449842464732685}","REAL_API:risk,real_rate;DEFAULT_PROXY:cu_inventory,power_grid_proxy,central_bank_gold_proxy,gold_etf_proxy,usd;MARKET_ASOF_BACKWARD;PROXY_ASOF_BACKWARD",101580.0,1003.49,260000.0,24000.0,50.49456,1.5573202038461593,0.5441346153846155,0.5061538461538462,0.5,0.7,0.55,0.7403846153846154,0.15384615384615385,0.5192307692307692,0.6,0.55,0.5,reports\601899\2025\601899_2025Q4.pdf,True,0.8999999999999999,0.006716818914562106,0.07845244492208492,0.06260075228371842
2026-01-16,zijin,weekly,walk_forward_strict,v2_fundamental_valuation_model,v2_fundamental_valuation_model,strict,,active,37.47,31.910728468444884,0.1742132442088382,overvalued,184.46790663986746,737.8716265594699,2.7748923566600348,11.49980769230769,0.5749519230769231,0,2025-09-30,2025-10-18,2025-10-18,11,0.1,-70.34091168802281,"{""cu_au_revenue_index"": 5.036039855270609, ""revenue_x_demand"": -0.509045148480331, ""is_q4"": -12.449842464732685}","REAL_API:risk,real_rate;DEFAULT_PROXY:cu_inventory,power_grid_proxy,central_bank_gold_proxy,gold_etf_proxy,usd;MARKET_ASOF_BACKWARD;PROXY_ASOF_BACKWARD",100770.0,1032.63,260000.0,24000.0,50.98332,3.8212978788461553,0.6042307692307693,0.520576923076923,0.5,0.7,0.55,0.7371794871794872,0.5576923076923077,0.4326923076923077,0.6,0.55,0.5,reports\601899\2025\601899_2025Q4.pdf,True,0.8999999999999999,0.0024019215372299563,-0.0074726447824926545,-0.009874566319722389
2026-01-23,zijin,weekly,walk_forward_strict,v2_fundamental_valuation_model,v2_fundamental_valuation_model,strict,,active,37.56,33.48236877630537,0.12178443081303936,overvalued,195.1659761126761,780.6639044507044,2.9358200310281837,11.40477564102564,0.5511939102564103,0,2025-09-30,2025-10-18,2025-10-18,11,0.1,-70.34091168802281,"{""cu_au_revenue_index"": 5.036039855270609, ""revenue_x_demand"": -0.509045148480331, ""is_q4"": -12.449842464732685}","REAL_API:risk,real_rate;DEFAULT_PROXY:cu_inventory,power_grid_proxy,central_bank_gold_proxy,gold_etf_proxy,usd;MARKET_ASOF_BACKWARD;PROXY_ASOF_BACKWARD",101340.0,1110.3,260000.0,24000.0,52.9956,2.7130519903846175,0.5768269230769231,0.5035897435897436,0.5,0.7,0.55,0.7339743589743589,0.3782051282051282,0.4358974358974359,0.6,0.55,0.5,reports\601899\2025\601899_2025Q4.pdf,True,0.8999999999999999,0.06869009584664543,0.005857294994675133,-0.047657082002129925
2026-01-30,zijin,weekly,walk_forward_strict,v2_fundamental_valuation_model,v2_fundamental_valuation_model,strict,,active,40.14,35.024195630900145,0.1460648639304205,overvalued,204.990219737394,819.960878949576,3.0836030196291073,11.358205128205128,0.539551282051282,0,2025-09-30,2025-10-18,2025-10-18,11,0.1,-70.34091168802281,"{""cu_au_revenue_index"": 5.036039855270609, ""revenue_x_demand"": -0.509045148480331, ""is_q4"": -12.449842464732685}","REAL_API:risk,real_rate;DEFAULT_PROXY:cu_inventory,power_grid_proxy,central_bank_gold_proxy,gold_etf_proxy,usd;MARKET_ASOF_BACKWARD;PROXY_ASOF_BACKWARD",103680.0,1163.95,260000.0,24000.0,54.8916,2.171033153846151,0.5696153846153846,0.48371794871794865,0.5,0.7,0.55,0.7307692307692307,0.33333333333333337,0.3846153846153846,0.6,0.55,0.5,reports\601899\2025\601899_2025Q4.pdf,True,0.8999999999999999,-0.07349277528649734,-0.014698555057299556,-0.21150971599402102
2026-02-06,zijin,weekly,walk_forward_strict,v2_fundamental_valuation_model,v2_fundamental_valuation_model,strict,,active,37.19,32.5775781996441,0.14158270980395615,overvalued,192.66480886870397,770.6592354748159,2.8981957635095177,11.240641025641025,0.5101602564102564,0,2025-09-30,2025-10-18,2025-10-18,11,0.1,-70.34091168802281,"{""cu_au_revenue_index"": 5.036039855270609, ""revenue_x_demand"": -0.509045148480331, ""is_q4"": -12.449842464732685}","REAL_API:risk,real_rate;DEFAULT_PROXY:cu_inventory,power_grid_proxy,central_bank_gold_proxy,gold_etf_proxy,usd;MARKET_ASOF_BACKWARD;PROXY_ASOF_BACKWARD",100100.0,1093.85,260000.0,24000.0,52.2784,0.5311619487179491,0.5090384615384616,0.5122435897435897,0.5,0.7,0.55,0.3301282051282051,0.3301282051282052,0.4807692307692307,0.6,0.55,0.5,reports\601899\2025\601899_2025Q4.pdf,True,0.8999999999999999,0.01586447969884386,-0.0024200053777896358,-0.1269158375907502
2026-02-13,zijin,weekly,walk_forward_strict,v2_fundamental_valuation_model,v2_fundamental_valuation_model,strict,,active,37.78,32.97174240812454,0.1458296480773993,overvalued,195.29215304648608,781.1686121859443,2.9377180707229673,11.223589743589743,0.5058974358974359,0,2025-09-30,2025-10-18,2025-10-18,11,0.1,-70.34091168802281,"{""cu_au_revenue_index"": 5.036039855270609, ""revenue_x_demand"": -0.509045148480331, ""is_q4"": -12.449842464732685}","REAL_API:risk,real_rate;DEFAULT_PROXY:cu_inventory,power_grid_proxy,central_bank_gold_proxy,gold_etf_proxy,usd;MARKET_ASOF_BACKWARD;PROXY_ASOF_BACKWARD",100630.0,1108.92,260000.0,24000.0,52.77788,0.31125416410256185,0.4753846153846154,0.5625641025641025,0.5,0.7,0.55,0.3333333333333333,0.10256410256410253,0.7243589743589743,0.6,0.55,0.5,reports\601899\2025\601899_2025Q4.pdf,True,0.8999999999999999,0.046850185283218604,-0.05320275277924824,-0.128904182106935
2026-02-27,zijin,weekly,walk_forward_strict,v2_fundamental_valuation_model,v2_fundamental_valuation_model,strict,,active,39.55,35.12790504462976,0.12588553031420435,overvalued,200.96240121268164,803.8496048507266,3.0230138199042025,11.620160256410255,0.6050400641025641,0,2025-09-30,2025-10-18,2025-10-18,11,0.1,-70.34091168802281,"{""cu_au_revenue_index"": 5.036039855270609, ""revenue_x_demand"": -0.509045148480331, ""is_q4"": -12.449842464732685}","REAL_API:risk,real_rate;DEFAULT_PROXY:cu_inventory,power_grid_proxy,central_bank_gold_proxy,gold_etf_proxy,usd;MARKET_ASOF_BACKWARD;PROXY_ASOF_BACKWARD",103920.0,1142.97,260000.0,24000.0,54.45048,5.719481909615382,0.5835576923076923,0.6449358974358974,0.5,0.7,0.55,0.33653846153846156,0.8205128205128205,0.7596153846153846,0.6,0.55,0.5,reports\601899\2025\601899_2025Q4.pdf,True,0.8999999999999999,-0.06194690265486713,-0.19974715549936783,-0.1466498103666245
2026-03-06,zijin,weekly,walk_forward_strict,v2_fundamental_valuation_model,v2_fundamental_valuation_model,strict,,active,37.1,34.05954780338123,0.08926871883827348,neutral,198.11606593852423,792.4642637540969,2.9801972989135304,11.428621794871795,0.5571554487179486,0,2025-09-30,2025-10-18,2025-10-18,11,0.1,-70.34091168802281,"{""cu_au_revenue_index"": 5.036039855270609, ""revenue_x_demand"": -0.509045148480331, ""is_q4"": -12.449842464732685}","REAL_API:power_grid_proxy,risk,real_rate;DEFAULT_PROXY:cu_inventory,central_bank_gold_proxy,gold_etf_proxy,usd;MARKET_ASOF_BACKWARD;PROXY_ASOF_BACKWARD",101050.0,1139.33,260000.0,24000.0,53.61692,3.064499121474355,0.5383653846153846,0.592051282051282,0.5,0.7,0.55,0.09294871794871795,0.7628205128205128,0.6025641025641026,0.6,0.55,0.5,reports\601899\2025\601899_2025Q4.pdf,True,0.8999999999999999,-0.03584905660377358,-0.1247978436657683,-0.06388140161725075
2026-03-13,zijin,weekly,walk_forward_strict,v2_fundamental_valuation_model,v2_fundamental_valuation_model,strict,,active,35.77,33.16081447732808,0.07868279364657371,neutral,198.26001690860284,793.0400676344113,2.98236270781246,11.11897435897436,0.47974358974358977,0,2025-09-30,2025-10-18,2025-10-18,11,0.1,-70.34091168802281,"{""cu_au_revenue_index"": 5.036039855270609, ""revenue_x_demand"": -0.509045148480331, ""is_q4"": -12.449842464732685}","REAL_API:risk,real_rate;DEFAULT_PROXY:cu_inventory,power_grid_proxy,central_bank_gold_proxy,gold_etf_proxy,usd;MARKET_ASOF_BACKWARD;PROXY_ASOF_BACKWARD",100310.0,1131.09,260000.0,24000.0,53.22676,-1.0781830871794857,0.48019230769230775,0.47891025641025636,0.5,0.7,0.55,0.09615384615384616,0.3717948717948718,0.3557692307692307,0.6,0.55,0.5,reports\601899\2025\601899_2025Q4.pdf,True,0.8999999999999999,-0.11518031870282375,-0.07995526977914469,-0.04081632653061229
2026-03-20,zijin,weekly,walk_forward_strict,v2_fundamental_valuation_model,v2_fundamental_valuation_model,strict,,active,31.65,29.848124529557246,0.060368130287664634,neutral,181.16196668833788,724.6478667533515,2.7251621479197903,10.95278846153846,0.43819711538461537,0,2025-09-30,2025-10-18,2025-10-18,11,0.1,-70.34091168802281,"{""cu_au_revenue_index"": 5.036039855270609, ""revenue_x_demand"": -0.509045148480331, ""is_q4"": -12.449842464732685}","REAL_API:cu_inventory,risk,real_rate;DEFAULT_PROXY:power_grid_proxy,central_bank_gold_proxy,gold_etf_proxy,usd;MARKET_ASOF_BACKWARD;PROXY_ASOF_BACKWARD",94740.0,1041.59,260000.0,24000.0,49.63056,-3.0673117730769244,0.44509615384615386,0.42538461538461536,0.5,0.7,0.55,0.09935897435897435,0.13461538461538458,0.2564102564102564,0.6,0.55,0.5,reports\601899\2025\601899_2025Q4.pdf,True,0.8999999999999999,0.025908372827804227,0.06635071090047395,0.05213270142180093
2026-03-27,zijin,weekly,walk_forward_strict,v2_fundamental_valuation_model,v2_fundamental_valuation_model,strict,,active,32.47,28.902759067461066,0.12342215925520272,overvalued,175.04607704817388,700.1843081926955,2.633162755040034,10.976442307692308,0.444110576923077,0,2025-12-31,2026-03-21,2026-03-21,12,0.1,-52.472124040033094,"{""cu_au_revenue_index"": 4.518092877944434, ""revenue_x_demand"": -1.6730472590743548, ""is_q4"": -20.120702408267565}","REAL_API:cu_inventory,risk,real_rate;DEFAULT_PROXY:power_grid_proxy,central_bank_gold_proxy,gold_etf_proxy,usd;MARKET_ASOF_BACKWARD;PROXY_ASOF_BACKWARD",95930.0,993.9,260000.0,24544.0,49.3360816,-2.7573651374999972,0.4614423076923077,0.411923076923077,0.5,0.7,0.55,0.10256410256410256,0.24038461538461542,0.17628205128205132,0.6,0.55,0.5,reports\601899\2025\601899_2025Q4.pdf,True,0.8999999999999999,0.013550970126270379,0.06960271019402509,0.07175854635047729
2026-04-03,zijin,weekly,walk_forward_strict,v2_fundamental_valuation_model,v2_fundamental_valuation_model,strict,,active,32.91,29.42526947924887,0.11842646074009999,neutral,172.8812724883184,691.5250899532736,2.6005982849583447,11.314807692307692,0.5287019230769231,0,2025-12-31,2026-03-21,2026-03-21,12,0.1,-52.472124040033094,"{""cu_au_revenue_index"": 4.518092877944434, ""revenue_x_demand"": -1.6730472590743548, ""is_q4"": -20.120702408267565}","REAL_API:cu_inventory,power_grid_proxy,risk,real_rate;DEFAULT_PROXY:central_bank_gold_proxy,gold_etf_proxy,usd;MARKET_ASOF_BACKWARD;PROXY_ASOF_BACKWARD",96250.0,1034.42,260000.0,24544.0,50.41380448,1.446973138200001,0.5734615384615385,0.4455769230769231,0.5,0.7,0.55,0.8974358974358975,0.1923076923076923,0.3044871794871795,0.6,0.55,0.5,reports\601899\2025\601899_2025Q4.pdf,True,0.8999999999999999,0.025524156791248975,0.04254026131874822,-0.03251291400790024
2026-04-10,zijin,weekly,walk_forward_strict,v2_fundamental_valuation_model,v2_fundamental_valuation_model,strict,,active,33.75,29.92542828343356,0.1278034078691428,overvalued,173.29518783748549,693.1807513499419,2.6068246825991572,11.479647435897435,0.5699118589743589,0,2025-12-31,2026-03-21,2026-03-21,12,0.1,-52.472124040033094,"{""cu_au_revenue_index"": 4.518092877944434, ""revenue_x_demand"": -1.6730472590743548, ""is_q4"": -20.120702408267565}","REAL_API:cu_inventory,risk,real_rate;DEFAULT_PROXY:power_grid_proxy,central_bank_gold_proxy,gold_etf_proxy,usd;MARKET_ASOF_BACKWARD;PROXY_ASOF_BACKWARD",98440.0,1047.23,260000.0,24544.0,51.29761312,3.586311494166664,0.6152884615384615,0.4856410256410256,0.5,0.7,0.55,0.9006410256410257,0.46794871794871795,0.34615384615384615,0.6,0.55,0.5,reports\601899\2025\601899_2025Q4.pdf,True,0.8999999999999999,0.029037037037036972,-0.01333333333333342,-0.08266666666666667
2026-04-17,zijin,weekly,walk_forward_strict,v2_fundamental_valuation_model,v2_fundamental_valuation_model,strict,,active,34.73,30.761957097664315,0.12899188727615019,overvalued,177.5885772841809,710.3543091367236,2.671408781680732,11.51525641025641,0.5788141025641025,0,2025-12-31,2026-03-21,2026-03-21,12,0.1,-52.472124040033094,"{""cu_au_revenue_index"": 4.518092877944434, ""revenue_x_demand"": -1.6730472590743548, ""is_q4"": -20.120702408267565}","REAL_API:cu_inventory,risk,real_rate;DEFAULT_PROXY:power_grid_proxy,central_bank_gold_proxy,gold_etf_proxy,usd;MARKET_ASOF_BACKWARD;PROXY_ASOF_BACKWARD",102330.0,1053.0,260000.0,24544.0,52.450632,4.133849489999996,0.6167307692307692,0.5083974358974359,0.5,0.7,0.55,0.9038461538461539,0.47435897435897434,0.4198717948717948,0.6,0.55,0.5,reports\601899\2025\601899_2025Q4.pdf,True,0.8999999999999999,-0.01209329110279278,0.0020155485171322596,-0.1235243305499567
2026-04-24,zijin,weekly,walk_forward_strict,v2_fundamental_valuation_model,v2_fundamental_valuation_model,strict,,active,34.31,30.209090333559935,0.1357508492033035,overvalued,174.10660324461548,696.4264129784619,2.619030547848753,11.534455128205128,0.5836137820512821,0,2026-03-31,2026-04-22,2026-04-22,13,0.01,-63.14420199702434,"{""cu_au_revenue_index"": 5.022930146768219, ""revenue_x_demand"": -4.350169248798478, ""is_q4"": -25.46675315185538}","REAL_API:cu_inventory,risk,real_rate;DEFAULT_PROXY:power_grid_proxy,central_bank_gold_proxy,gold_etf_proxy,usd;MARKET_ASOF_BACKWARD;PROXY_ASOF_BACKWARD",102460.0,1033.25,260000.0,23500.0,50.920975,4.257695305488785,0.630673076923077,0.4962179487179487,0.5,0.7,0.55,0.907051282051282,0.5641025641025641,0.34935897435897434,0.6,0.55,0.5,reports\601899\2026\601899_2026Q1.pdf,True,0.8999999999999999,-0.02943748178373662,-0.07199067327309827,-0.13640338093850202
2026-05-01,zijin,weekly,walk_forward_strict,v2_fundamental_valuation_model,v2_fundamental_valuation_model,strict,,active,33.3,29.89668929198502,0.11383570517714037,neutral,173.0983157852752,692.3932631411008,2.6038631986051697,11.481666666666666,0.5704166666666667,0,2026-03-31,2026-04-22,2026-04-22,13,0.01,-63.14420199702434,"{""cu_au_revenue_index"": 5.022930146768219, ""revenue_x_demand"": -4.350169248798478, ""is_q4"": -25.46675315185538}","REAL_API:cu_inventory,risk,real_rate;DEFAULT_PROXY:power_grid_proxy,central_bank_gold_proxy,gold_etf_proxy,usd;MARKET_ASOF_BACKWARD;PROXY_ASOF_BACKWARD",101030.0,1013.6,260000.0,23500.0,50.0874,3.526987750000001,0.6253846153846154,0.4683333333333333,0.5,0.7,0.55,0.8717948717948718,0.5641025641025641,0.2564102564102564,0.6,0.55,0.5,reports\601899\2026\601899_2026Q1.pdf,True,0.8999999999999999,0.04504504504504503,-0.07027027027027022,-0.12642642642642632
2026-05-08,zijin,weekly,walk_forward_strict,v2_fundamental_valuation_model,v2_fundamental_valuation_model,strict,,active,34.8,32.30791891716725,0.07713530200512375,neutral,190.260078790971,761.040315163884,2.862022169771291,11.288493589743588,0.5221233974358974,0,2026-03-31,2026-04-22,2026-04-22,13,0.01,-63.14420199702434,"{""cu_au_revenue_index"": 5.022930146768219, ""revenue_x_demand"": -4.350169248798478, ""is_q4"": -25.46675315185538}","REAL_API:cu_inventory,risk,real_rate;DEFAULT_PROXY:power_grid_proxy,central_bank_gold_proxy,gold_etf_proxy,usd;MARKET_ASOF_BACKWARD;PROXY_ASOF_BACKWARD",104550.0,1032.0,260000.0,23500.0,51.435,1.1379169471153838,0.568173076923077,0.43660256410256415,0.5,0.7,0.55,0.875,0.17948717948717952,0.27884615384615385,0.6,0.55,0.5,reports\601899\2026\601899_2026Q1.pdf,True,0.8999999999999999,-0.08505747126436769,-0.12528735632183896,
2026-05-15,zijin,weekly,walk_forward_strict,v2_fundamental_valuation_model,v2_fundamental_valuation_model,strict,,active,31.84,32.235013450391264,-0.012254173586717432,neutral,190.87616745680393,763.5046698272157,2.871289796650053,11.226666666666667,0.5066666666666667,0,2026-03-31,2026-04-22,2026-04-22,13,0.01,-63.14420199702434,"{""cu_au_revenue_index"": 5.022930146768219, ""revenue_x_demand"": -4.350169248798478, ""is_q4"": -25.46675315185538}","REAL_API:cu_inventory,risk,real_rate;DEFAULT_PROXY:power_grid_proxy,central_bank_gold_proxy,gold_etf_proxy,usd;MARKET_ASOF_BACKWARD;PROXY_ASOF_BACKWARD",104710.0,1006.01,260000.0,23500.0,50.865835,0.33910556666666886,0.5744230769230769,0.38083333333333336,0.5,0.7,0.55,0.8782051282051282,0.21794871794871795,0.08012820512820518,0.6,0.55,0.5,reports\601899\2026\601899_2026Q1.pdf,True,0.8999999999999999,-0.027638190954773822,-0.06940954773869346,
2026-05-22,zijin,weekly,walk_forward_strict,v2_fundamental_valuation_model,v2_fundamental_valuation_model,strict,,active,30.96,31.59497538030524,-0.020097353223482828,neutral,186.06633667528035,744.2653467011214,2.7989370339630755,11.288205128205128,0.522051282051282,0,2026-03-31,2026-04-22,2026-04-22,13,0.01,-63.14420199702434,"{""cu_au_revenue_index"": 5.022930146768219, ""revenue_x_demand"": -4.350169248798478, ""is_q4"": -25.46675315185538}","REAL_API:cu_inventory,risk,real_rate;DEFAULT_PROXY:power_grid_proxy,central_bank_gold_proxy,gold_etf_proxy,usd;MARKET_ASOF_BACKWARD;PROXY_ASOF_BACKWARD",104870.0,992.1,260000.0,23500.0,50.58055,1.1153659743589739,0.5898076923076923,0.39621794871794874,0.5,0.7,0.55,0.875,0.3237179487179487,0.09615384615384615,0.6,0.55,0.5,reports\601899\2026\601899_2026Q1.pdf,True,0.8999999999999999,-0.01679586563307489,-0.060400516795865666,
2026-05-29,zijin,weekly,walk_forward_strict,v2_fundamental_valuation_model,v2_fundamental_valuation_model,strict,,active,30.44,31.76002223803764,-0.041562383934879654,neutral,187.7483856919267,750.9935427677068,2.824239565144999,11.24551282051282,0.5113782051282052,0,2026-03-31,2026-04-22,2026-04-22,13,0.01,-63.14420199702434,"{""cu_au_revenue_index"": 5.022930146768219, ""revenue_x_demand"": -4.350169248798478, ""is_q4"": -25.46675315185538}","REAL_API:cu_inventory,risk,real_rate;DEFAULT_PROXY:power_grid_proxy,central_bank_gold_proxy,gold_etf_proxy,usd;MARKET_ASOF_BACKWARD;PROXY_ASOF_BACKWARD",105000.0,984.96,260000.0,23500.0,50.44656,0.5739913076923112,0.5676923076923077,0.40679487179487184,0.5,0.7,0.55,0.8717948717948718,0.17948717948717952,0.17948717948717952,0.6,0.55,0.5,reports\601899\2026\601899_2026Q1.pdf,True,0.8999999999999999,-0.026609724047306216,,
2026-06-05,zijin,weekly,walk_forward_strict,v2_fundamental_valuation_model,v2_fundamental_valuation_model,strict,,active,29.63,32.00930671637992,-0.07433171663047522,neutral,190.34993030534966,761.3997212213986,2.8633737776743957,11.178878205128205,0.4947195512820513,0,2026-03-31,2026-04-22,2026-04-22,13,0.01,-63.14420199702434,"{""cu_au_revenue_index"": 5.022930146768219, ""revenue_x_demand"": -4.350169248798478, ""is_q4"": -25.46675315185538}","REAL_API:cu_inventory,risk,real_rate;DEFAULT_PROXY:power_grid_proxy,central_bank_gold_proxy,gold_etf_proxy,usd;MARKET_ASOF_BACKWARD;PROXY_ASOF_BACKWARD",105150.0,974.41,260000.0,23500.0,50.237635,-0.2652772553285244,0.5508653846153846,0.390448717948718,0.5,0.7,0.55,0.6923076923076923,0.2467948717948718,0.10256410256410253,0.6,0.55,0.5,reports\601899\2026\601899_2026Q1.pdf,True,0.8999999999999999,-0.01822477219034757,,
2026-06-12,zijin,weekly,walk_forward_strict,v2_fundamental_valuation_model,v2_fundamental_valuation_model,strict,,active,29.09,30.237359636022102,-0.03794510002967455,neutral,178.96092964679983,715.8437185871993,2.692052644079573,11.232083333333332,0.5080208333333333,0,2026-03-31,2026-04-22,2026-04-22,13,0.01,-63.14420199702434,"{""cu_au_revenue_index"": 5.022930146768219, ""revenue_x_demand"": -4.350169248798478, ""is_q4"": -25.46675315185538}","REAL_API:cu_inventory,risk,real_rate;DEFAULT_PROXY:power_grid_proxy,central_bank_gold_proxy,gold_etf_proxy,usd;MARKET_ASOF_BACKWARD;PROXY_ASOF_BACKWARD",104660.0,907.47,260000.0,23500.0,48.537145,0.38930835052082957,0.5585576923076923,0.4141666666666667,0.5,0.7,0.55,0.6891025641025641,0.3012820512820513,0.16346153846153844,0.6,0.55,0.5,reports\601899\2026\601899_2026Q1.pdf,True,0.8999999999999999,,,
